"","X","date","restaurant","location","score","lon","lat"
"1",1,2021-10-26,"DaVinci's PIzza","Knoxville, TN",6.7,-83.9184306,35.9698944
"2",2,2021-10-23,"Barley's Taproom & Pizzeria","Knoxville, TN",7.2,-83.9172599,35.9707585
"3",3,2021-10-22,"South Coast Pizza","Knoxville, TN",6.6,-83.9045333,35.9595111
"4",4,2021-10-21,"Pizza Palace","Knoxville, TN",5.9,-83.8857795,35.9948493
"5",5,2021-10-19,"Elidios's Pizza","Knoxville, TN",7.5,-83.99191,36.026571
"6",6,2021-10-18,"Uptown Pizzeria","Hoboken, NJ",7.6,-74.0252995,40.7533369
"7",7,2021-10-14,"Torna's Pizzeria","Hoboken, NJ",7.4,-74.0309041,40.7479029
"8",8,2021-10-13,"Hot House Pizza","Hoboken, NJ",7.4,-74.0401013,40.7405219
"9",9,2021-10-12,"Jerusalem Cafe","New York, NY",6.8,-73.984303,40.7502231
"10",10,2021-10-11,"La Sicilia","Belleville, NJ",7.1,NA,NA
"11",11,2021-10-07,"Joe's Famous Pizza","Vauxhall, NJ",7.9,-74.277924,40.7196661
"12",12,2021-10-06,"Turanos pizza kitchen","LIV, NJ",8.1,-74.3209804,40.7737801
"13",13,2021-10-05,"Bruno's Pizza & Restaurant","Clifton, NJ",7.3,-105.947116,35.681462
"14",14,2021-10-04,"Mr Z's","Key West, FL",7.1,-81.8019106,24.5550348
"15",15,2021-10-03,"Robert's Pizza & Dough Compa...","Chicago, IL",7.9,NA,NA
"16",16,2021-10-01,"Seaside Cafe at the Mansion","Key West, FL",7.4,-81.7965149,24.5468315
"17",17,2021-09-30,"Da Pizza Dude","Chicago, IL",7.2,NA,NA
"18",18,2021-09-28,"Phil's Pizza","Chicago, IL",7.6,-87.653612,41.830902
"19",19,2021-09-27,"Rosangela's Pizza","Evergreen Park, IL",7.5,-87.6924227,41.720645
"20",20,2021-09-24,"Lombardo's of Bay Ridge","Brooklyn, NY",8.1,-74.0269753,40.6344263
"21",21,2021-09-23,"Battle Hill Tavern","Brooklyn, NY",7.1,-73.9912971,40.6601882
"22",22,2021-09-22,"Giuseppina's","Brooklyn, NY",8.1,-73.9905395,40.6603878
"23",23,2021-09-21,"Luigi's Pizza","Brooklyn, NY",9.3,NA,NA
"24",24,2021-09-20,"Baby Luc’s","Brooklyn, NY",8.2,-73.9968577,40.6800784
"25",25,2021-09-17,"Spinelli's Pizzeria","New York, NY",6.8,-73.9907157,40.7504106
"26",26,2021-09-16,"Trattoria Bianca","New York, NY",5.8,-73.9932589,40.7528392
"27",27,2021-09-15,"Marble Room Steaks and Raw B...","Cleveland, OH",7.4,-81.6887996,41.5004376
"28",28,2021-09-14,"Pizza 216","Cleveland, OH",7.3,-81.690206,41.499983
"29",29,2021-09-13,"Angelo's Pizza","Lakewood, OH",7.1,-81.788256,41.476918
"30",30,2021-09-11,"Buddy's Pizza - Ann Arbor","Ann Arbor, MI",7.5,-83.7685451,42.2407658
"31",31,2021-09-10,"Uncle Oogie's","Sea Isle City, NJ",6.9,-74.7029851,39.142074
"32",32,2021-09-09,"Pennsylvania 6 NYC","New York, NY",6.2,-73.9908333,40.7483333
"33",33,2021-09-07,"Phil's  Famous Pizzeria","Sea Isle City, NJ",7.6,-74.689577,39.157831
"34",34,2021-09-03,"Berardi Brothers Pizza","Sea Isle City, NJ",7.1,-74.691861,39.154412
"35",35,2021-09-02,"Poppi's Brick Oven Pizza","Wildwood, NJ",6.8,-74.823468,38.984574
"36",36,2021-09-01,"Preps Pizzeria","Ocean City, NJ",7.1,-74.5738348,39.2742151
"37",37,2021-08-31,"Steak’em Up","North Wildwood, NJ",7.1,-74.7974102,38.9936779
"38",38,2021-08-30,"Sorrento II Pizzeria & Resta...","Wildwood, NJ",5.3,-74.8022384,38.9908447
"39",39,2021-08-28,"Mama Santa's","Cleveland, OH",7.6,-81.597224,41.508837
"40",40,2021-08-27,"Mack's Pizza","Wildwood, NJ",6.7,-74.8089589,38.9879701
"41",41,2021-08-26,"Sam's Pizza Palace","North Wildwood, NJ",7.9,-74.804582,38.990141
"42",42,2021-08-24,"The Brook Tap House","West Caldwell, NJ",8.2,-74.2843656,40.8642414
"43",43,2021-08-23,"Max London's Restaurant","Saratoga Springs, NY",7.4,-73.7846686,43.0829421
"44",44,2021-08-20,"Flatbread Social","Saratoga Springs, NY",6.9,-73.782121,43.0822088
"45",45,2021-08-19,"DeFazio's Pizzeria","Troy, NY",8.2,-73.690552,42.72322
"46",46,2021-08-18,"Paesan's Pizza","Latham, NY",7.5,-73.7628171,42.7334934
"47",47,2021-08-17,"Venezia Pizza & Pasta","Clifton Park, NY",7.4,-93.1178665,35.2787285
"48",48,2021-08-16,"Napoli's Pizzeria","Malta, NY",7.5,-73.7920408,42.9717465
"49",49,2021-08-13,"Pizza Time","Ballston Spa, NY",6.9,-73.8449518,43.0482996
"50",50,2021-08-11,"Showfish","Montauk, NY",7.2,-71.9327002,41.0694783
"51",51,2021-08-09,"7-Eleven","Montauk, NY",3.8,-71.949364,41.032177
"52",52,2021-08-05,"Sag Pizza","Sag Harbor, NY",6.8,-72.2950827,40.999903
"53",53,2021-08-04,"D 'Andrea's Pizza","Saratoga Springs, NY",7.2,-73.7832794,43.0819988
"54",54,2021-08-03,"West Avenue Pizzeria","Saratoga Springs, NY",7.3,-73.8056236,43.0785084
"55",55,2021-07-28,"Time Market","Tucson, AZ",7.1,-110.964304,32.231545
"56",56,2021-07-27,"No Anchovies","Tucson, AZ",7.3,-110.9584543,32.231426
"57",57,2021-07-26,"Bazzarelli Restaurant","Moonachie, NJ",7.7,-74.047768,40.840521
"58",58,2021-07-23,"Kenny's Castaways","Montauk, NY",7.4,-71.9419017,41.0715076
"59",59,2021-07-22,"Blade + Salt","Montauk, NY",7.5,-71.9444178,41.0363678
"60",60,2021-07-21,"Ruschmeyer's","Montauk, NY",7.8,-71.9603633,41.0395486
"61",61,2021-07-20,"Da Legna","New Haven, CT",7.4,-72.9176344,41.3102016
"62",62,2021-07-19,"Abate Apizza & Seafood Resta...","New Haven, CT",6.8,-72.916024,41.303126
"63",63,2021-07-16,"Zeneli Pizzeria & Cucina Nap...","New Haven, CT",7.2,-72.9163349,41.3026407
"64",64,2021-07-15,"Il Buco Alimentari & Vineria","New York, NY",7.7,-73.992549,40.7264539
"65",65,2021-07-14,"Unregular Pizza","New York, NY",7.3,-73.9896818,40.7336323
"66",66,2021-07-13,"Round Swamp Farm","Montauk, NY",7.3,-71.9423938,41.0343031
"67",67,2021-07-12,"Medusa Stone Fired Kitchen","Asbury Park, NJ",6.7,-74.0098734,40.2249044
"68",68,2021-07-09,"Johnny Mac House Of Spirits","Asbury Park, NJ",6.6,-74.012951,40.216142
"69",69,2021-07-08,"Talula's","Asbury Park, NJ",7.1,-74.0096901,40.2160441
"70",70,2021-07-07,"Sea Bright Pizza Restaurant","Sea Bright, NJ",7.6,-73.974281,40.3628999
"71",71,2021-07-06,"Tommy's Tavern and Tap","Sea Bright, NJ",7.2,-73.97448,40.36413
"72",72,2021-07-02,"Urban CoalHouse Pizza + Bar","Red Bank, NJ",7.7,-74.0754933,40.3503958
"73",73,2021-07-01,"Grana Pizza Cafe","Matawan, NJ",7.7,-74.2504667,40.4279944
"74",74,2021-06-30,"Brothers Pizzeria","East Brunswick, NJ",7.1,-74.370829,40.4175659
"75",75,2021-06-29,"Mancini Pizza","East Brunswick, NJ",7.9,-74.4019059,40.4567851
"76",76,2021-06-28,"Maria's Pizza & Subs","Milltown, NJ",7.5,-119.2290646,35.6782228
"77",77,2021-06-24,"Brozinni Pizzeria at Speedwa...","Speedway, IN",7.4,-86.2407664,39.7812434
"78",78,2021-06-23,"Pasquale's Pizza","Indianapolis, IN",6.7,-86.2220325,39.7874185
"79",79,2021-06-22,"Byrne's Grilled Pizza","Indianapolis, IN",7.1,-86.1592491,39.8545589
"80",80,2021-06-21,"Giorgio's Pizza","Indianapolis, IN",7.4,-86.1569265,39.7683671
"81",81,2021-06-18,"DeSano Pizza Bakery","Nashville, TN",7.2,-86.7926872,36.1528849
"82",82,2021-06-17,"Joey's House Of Pizza","Nashville, TN",7.7,-86.7420239,36.14406
"83",83,2021-06-16,"Five Points Pizza","Nashville, TN",7.5,-86.7503518,36.1771326
"84",84,2021-06-14,"Luigi's Famous Pizza and Ris...","Lincroft, NJ",8.1,-74.12035,40.331911
"85",85,2021-06-11,"Nunzio's Pizzeria","Long Branch, NJ",8.6,-73.9898345,40.2970632
"86",86,2021-06-10,"The Galley Pizza & Eatery","Asbury Park, NJ",7.9,-74.011185,40.2266565
"87",87,2021-06-09,"Del Ponte's Coal Fired Pizza","Bradley Beach, NJ",8.2,NA,NA
"88",88,2021-06-08,"Vic's Italian Restaurant","Bradley Beach, NJ",8.3,-74.0191332,40.1988119
"89",89,2021-06-07,"Squan Tavern","Manasquan, NJ",7.6,-74.0512744,40.1244726
"90",90,2021-06-04,"Rosie's Pizza","Point Pleasant Beach, NJ",8.5,-74.0515064,40.0898123
"91",91,2021-06-03,"Three Brothers From Italy","Seaside Heights, NJ",4.8,-74.0711766,39.9401119
"92",92,2021-06-02,"Maruca's Pizza","Seaside Heights, NJ",7.5,-74.0710304,39.941147
"93",93,2021-06-01,"Nicholas Barrel & Roost","Red Bank, NJ",7.3,-74.0809336,40.3620318
"94",94,2021-05-28,"Noble Roman's Craft Pizza & ...","Westfield, IN",5.9,NA,NA
"95",95,2021-05-26,"Mother Bear's Pizza Campus","Bloomington, IN",6.1,-86.5155148,39.1640576
"96",96,2021-05-25,"Zoni’s Brooklyn Brick Coal O...","RED BANK, NJ",7.2,-74.0834177,40.3669204
"97",97,2021-05-24,"Stella 34 Trattoria","New York, NY",5.6,-73.9896197,40.7507401
"98",98,2021-05-21,"The Bread Factory Cafe","New York, NY",7.1,-73.9900796,40.7521206
"99",99,2021-05-20,"Lazzaro","New York, NY",2.9,-74.0120253,40.7094362
"100",100,2021-05-19,"Inatteso Pizzabar","New York, NY",7.3,NA,NA
"101",101,2021-05-18,"Benvenuti Pizzeria","New York, NY",5.9,-74.0167409,40.7096597
"102",102,2021-05-17,"Michael's Pastaria & Deli","Nutley, NJ",7.6,-74.1642021,40.8132081
"103",103,2021-05-14,"Amore Pizza by jack calandra","Nutley, NJ",7.9,-74.1619426,40.8147644
"104",104,2021-05-13,"The Pizza Terminal & Restaur...","Verona, NJ",7.8,-74.232769,40.826102
"105",105,2021-05-12,"Taormina Pizzeria","Paterson, NJ",7.4,-74.1499418,40.9302477
"106",106,2021-05-11,"Patsy's Tavern & Restaurant","Paterson, NJ",8.2,-74.1530917,40.9308028
"107",107,2021-05-10,"Tavolino Pizzeria ","Wallington, NJ",7.5,-74.1048405,40.8428952
"108",108,2021-05-07,"Spacca Napoli","Chicago, IL",7.1,-87.6737274,41.9631881
"109",109,2021-05-06,"Panera Bread","New York, NY",6.1,-73.982348,40.751879
"110",110,2021-05-05,"Sauce & Barrel","New York, NY",7.3,-96.0862765,36.0413165
"111",111,2021-05-04,"Siena Pizza & Cannoli","New York, NY",6.4,-79.5360472,40.3023284
"112",112,2021-05-03,"Collins Pizza","Miami Beach, FL",7.2,-80.1212017,25.8587239
"113",113,2021-04-30,"Pizza Pazza","Miami, FL",7.3,-80.1891774,25.7940168
"114",114,2021-04-29,"Eleventh Street Pizza","Miami, FL",8.2,-80.1938269,25.7845163
"115",115,2021-04-27,"Lowbrow Pizza & Beer","Naples, FL",7.1,-81.7684507,26.1278305
"116",116,2021-04-26,"Industry Pizza & Slice Shop","Naples, FL",7.7,-81.7766853,26.2123328
"117",117,2021-04-23,"Grandpa's Pizza","Bonita Springs, FL",7.8,-81.7793257,26.3450978
"118",118,2021-04-21,"Frankie's Pizza","Miami, FL",7.4,-80.3430142,25.7326998
"119",119,2021-04-20,"The Big Cheese Of Miami","Miami, FL",6.9,-80.3013298,25.6956441
"120",120,2021-04-16,"Cafe La Buca","Pompano Beach, FL",7.2,-80.123544,26.2245682
"121",121,2021-04-15,"Zuccarelli","Pompano Beach, FL",6.7,-80.1008958,26.2491206
"122",122,2021-04-13,"Little Italian Pizza","Pompano Beach, FL",7.3,-80.122666,26.224133
"123",123,2021-04-12,"Banchero","Miami Beach, FL",6.8,-80.1202582,25.8560085
"124",124,2021-04-09,"I Love Pizza","Miami Beach, FL",6.7,-80.1202271,25.8564185
"125",125,2021-04-08,"Prince Street Pizza","West Hollywood, CA",7.5,-118.3916479,34.0907465
"126",126,2021-04-07,"Prime Pizza","Los Angeles, CA",8.1,-118.3612667,34.0795028
"127",127,2021-04-06,"L'Antica Pizzeria Da Michele","Los Angeles, CA",6.8,-118.3373271,34.0990476
"128",128,2021-04-05,"Delicious Pizza","Los Angeles, CA",6.7,-118.3608983,34.0326904
"129",129,2021-04-01,"Aurelio's Pizza","Homewood, IL",6.8,-87.6688944,41.5594198
"130",130,2021-04-01,"East Side Pizza","Miami, FL",6.8,-80.181628,25.848189
"131",131,2021-04-01,"Big Louie's","Pompano Beach, FL",7.1,-80.0997459,26.2568083
"132",132,2021-04-01,"Bonci","Chicago, IL",7.4,-87.6507725,41.8848438
"133",133,2021-04-01,"Pizzanista!","Los Angeles, CA",7.1,-118.231604,34.0348317
"134",134,2021-03-31,"Zazzy's Pizza","New York, NY",7.8,-73.9886293,40.7216176
"135",135,2021-03-30,"Pat's Pizza","Chicago, IL",7.8,-87.630815,41.873936
"136",136,2021-03-29,"Arthur Avenue Wood Fired Piz...","Pleasantville, NY",7.6,-73.7858654,41.1264535
"137",137,2021-03-26,"Venice Pizza & Trattoria","White Plains, NY",7.3,-89.9084991,35.1209527
"138",138,2021-03-25,"Villaggio Italiano Restauran...","Hartsdale, NY",7.4,-73.7896966,41.031264
"139",139,2021-03-24,"Avellino Pizza & Pasta","Hartsdale, NY",7.5,-89.9748516,34.9611607
"140",140,2021-03-23,"Raceway Pizzeria & Hero's","Yonkers, NY",7.4,-73.8635859,40.9226494
"141",141,2021-03-22,"Vito & Nick's Pizzeria","Chicago, IL",8.1,-105.0767796,39.7085907
"142",142,2021-03-19,"Bar Cargo","Chicago, IL",7.6,-87.6339056,41.8926506
"143",143,2021-03-18,"Coalfire Pizza","Chicago, IL",7.4,-87.6598714,41.8907927
"144",144,2021-03-17,"Barnaby's of Northbrook","Northbrook, IL",7.8,-87.7902333,42.1348389
"145",145,2021-03-16,"Salerno's Pizza of Chicago","Chicago, IL",7.1,-87.657562,41.890862
"146",146,2021-03-15,"Chicago Pizza And Oven Grind...","Chicago, IL",7.1,-87.6373581,41.920771
"147",147,2021-03-12,"The Art of Pizza","Chicago, IL",7.6,-87.6680979,41.9371468
"148",148,2021-03-11,"Craft Pizza","Chicago, IL",7.7,-87.6774336,41.9048917
"149",149,2021-03-10,"Piece Brewery and Pizzeria","Chicago, IL",7.1,-87.6761216,41.9103001
"150",150,2021-03-09,"Harry's Pizzeria - Design Di...","Miami, FL",7.1,-80.1956706,25.8128595
"151",151,2021-03-08,"Pizza Rustica Office","Miami Beach, FL",6.8,-80.1329218,25.7794348
"152",152,2021-03-05,"Pizzette","Miami Beach, FL",7.9,-80.1417729,25.7905767
"153",153,2021-03-04,"Amarone","Aventura, FL",7.5,-80.1567174,25.9169647
"154",154,2021-03-03,"Outta Hand Pizza","Westfield, NJ",7.2,-74.346466,40.648629
"155",155,2021-03-02,"Capri Pizza","Kenilworth, NJ",7.2,-74.2911853,40.6762864
"156",156,2021-03-01,"Three Guys From Italy","Kenilworth, NJ",7.4,-74.2923303,40.6767655
"157",157,2021-02-26,"Brooklyn Pizza","Millburn, NJ",7.9,-74.3251037,40.7253112
"158",158,2021-02-25,"Arturo's","Maplewood, NJ",7.4,-74.2780908,40.7304356
"159",159,2021-02-24,"Reservoir Restaurant","South Orange, NJ",7.6,-74.2618473,40.7467461
"160",160,2021-02-23,"Frank's Pizzeria","Newark, NJ",6.8,-74.175254,40.759049
"161",161,2021-02-22,"Miami's Best Pizza","Coral Gables, FL",6.6,-80.283197,25.710457
"162",162,2021-02-19,"Terre Del Sapore","Coral Gables, FL",7.3,-80.2598544,25.7510459
"163",163,2021-02-18,"Leo's Pizza","Miami, FL",6.7,-80.3043239,25.7477494
"164",164,2021-02-17,"Apizza Brooklyn","Miami, FL",7.4,-80.2879726,25.7347997
"165",165,2021-02-16,"Pucci's Pizza","Miami, FL",6.7,-80.1900415,25.7827947
"166",166,2021-02-15,"New York Pizza & Restaurant","Miami, FL",6.7,-95.9397461,36.0928629
"167",167,2021-02-12,"Ottava Via","Detroit, MI",6.8,-83.0657742,42.3317034
"168",168,2021-02-11,"Pie Sci","Detroit, MI",7.2,-83.0800147,42.3539683
"169",169,2021-02-10,"Crispelli's Bakery & Pizzeri...","Berkley, MI",7.3,-83.1449919,42.4975171
"170",170,2021-02-08,"Fredi The PizzaMan","Melvindale, MI",8.7,-83.1843892,42.2853435
"171",171,2021-02-07,"Alibi","Troy, MI",6.9,-83.1295684,42.618712
"172",172,2021-02-05,"Detroit Style Pizza Company","Saint Clair Shores, MI",8.1,-82.8971367,42.5042097
"173",173,2021-02-04,"Green Lantern Pizza","Madison Heights, MI",6.2,-83.1054351,42.5045372
"174",174,2021-02-03,"Joe's Pizza","Ann Arbor, MI",7.7,-83.735705,42.2751992
"175",175,2021-02-02,"NeoPapalis","Ann Arbor, MI",7.3,-83.7429525,42.2776846
"176",176,2021-02-01,"Cloverleaf Bar & Restaurant","Eastpointe, MI",7.5,-122.6279439,47.602858
"177",177,2021-01-29,"Bell's Greek Pizza","East Lansing, MI",6.9,-84.4681738,42.7313364
"178",178,2021-01-28,"Georgio's Pizza","East Lansing, MI",6.8,-84.4793878,42.7348636
"179",179,2021-01-27,"Detroit Frankie's Wood Fired...","Lansing, MI",7.5,-84.5375604,42.7000095
"180",180,2021-01-26,"Deluca's Restaurant","Lansing, MI",7.3,-84.5787106,42.7487998
"181",181,2021-01-25,"Tomatoes Apizza","Farmington Hills, MI",7.8,-83.3384196,42.5284616
"182",182,2021-01-22,"Mootz Pizzeria + Bar","Detroit, MI",7.1,-83.0468041,42.3343576
"183",183,2021-01-21,"Niki's Pizza","Detroit, MI",7.3,-83.0419002,42.3336862
"184",184,2021-01-20,"Supino Pizzeria","Detroit, MI",7.5,-83.0401319,42.345384
"185",185,2021-01-19,"Piazza Di Pizza","Moonachie, NJ",6.8,-74.0467529,40.8413467
"186",186,2021-01-18,"Café Villa","Chatham, NJ",7.1,-74.3906164,40.7434549
"187",187,2021-01-15,"Calabria Restaurant & Pizzer...","Livingston, NJ",8.9,-86.5111749,36.1884861
"188",188,2021-01-14,"Buon Pane Italiano Bakery","Miami Beach, FL",6.9,-80.135612,25.7747555
"189",189,2021-01-13,"Fratelli La Bufala","Miami Beach, FL",6.8,-80.1340044,25.7743246
"190",190,2021-01-12,"Pizza De Miami","Miami Beach, FL",4.2,-80.1325181,25.7756804
"191",191,2021-01-11,"Giotto","Miami Beach, FL",7.8,-80.141961,25.780255
"192",192,2021-01-08,"Nino's Restaurant & Pizzeria","Lodi, NJ",6.8,-84.359734,33.809888
"193",193,2021-01-07,"Lodi Pizza Restaurant","Lodi, NJ",7.8,-74.0879344,40.8847856
"194",194,2021-01-06,"Santoni's Ristorante & Pizze...","Garfield, NJ",7.3,-74.123939,40.978453
"195",195,2021-01-04,"Barcelona's Restaurant & Bar","Garfield, NJ",7.4,-85.5639085,38.1931981
"196",196,2020-12-30,"Ferazzoli's Italian Kitchen","Rutherford, NJ",7.4,-74.1135663,40.836067
"197",197,2020-12-29,"Sac's Place","Astoria, NY",7.5,-73.9245462,40.7565133
"198",198,2020-12-28,"Marabella Pizzeria Restauran...","Sunnyside, NY",7.8,-73.923881,40.740189
"199",199,2020-12-24,"Roma Pizzeria","North Bergen, NJ",7.9,-74.0081287,40.8082407
"200",200,2020-12-23,"Josie's Pizzeria Catering & ...","Lyndhurst, NJ",7.6,-74.1250619,40.8156422
"201",201,2020-12-22,"Ninos Aq","Astoria, NY",6.8,-73.908631,40.7749068
"202",202,2020-12-21,"Trattoria L'incontro","Astoria, NY",8.4,-73.9105948,40.7764678
"203",203,2020-12-18,"Aumm Aumm Pizzeria & Wine Ba...","North Bergen, NJ",6.9,-73.9848412,40.8822914
"204",204,2020-12-17,"Perfect Pizza","North Bergen, NJ",8.5,-74.0199549,40.7935626
"205",205,2020-12-16,"Tony Novante's Pizzeria & Wi...","Union City, NJ",6.8,-74.017642,40.778013
"206",206,2020-12-15,"Trattoria Napoli","Union City, NJ",6.7,-74.0181779,40.7778614
"207",207,2020-12-11,"Death by Pizza","New York, NY",7.4,-74.0018035,40.7391403
"208",208,2020-12-10,"Pasta by Hudson","New York, NY",6.8,-73.98298,40.7669606
"209",209,2020-12-09,"Renato's Pizza Masters","Jersey City, NJ",8.1,-74.0504078,40.74421
"210",210,2020-12-07,"Palermo's Cafe & Bakery","Little Ferry, NJ",7.4,-74.042318,40.856505
"211",211,2020-12-04,"Lido Restaurant","Hackensack, NJ",8.1,-74.0416939,40.9012076
"212",212,2020-12-03,"Brooklyn's Brick Oven Pizzer...","Hackensack, NJ",7.9,-74.036218,40.900461
"213",213,2020-12-02,"Curioni's","Lodi, NJ",7.7,-74.082872,40.87521
"214",214,2020-12-01,"Urban Tomato","Palisades Park, NJ",8.1,-73.9874794,40.8408658
"215",215,2020-11-30,"Napoli Wood Fired Pizza & Ba...","Cliffside Park, NJ",7.8,-73.9861842,40.8285537
"216",216,2020-11-27,"Trattoria La Sorrentina","North Bergen, NJ",7.5,-74.006882,40.801687
"217",217,2020-11-25,"Cesare's Ristorante","Bristol, PA",8.1,-74.8430301,40.1028572
"218",218,2020-11-24,"Tony & Joe's Pizzeria","Conshohocken, PA",7.3,-93.2171174,30.1986365
"219",219,2020-11-23,"Campus Corner Pizza","Villanova, PA",6.9,-75.3476721,40.0359458
"220",220,2020-11-19,"Randazzo's Pizzeria","Philadelphia, PA",7.4,-75.1728167,39.9443957
"221",221,2020-11-18,"Philly Style Pizza and Grill...","Philadelphia, PA",6.8,-75.157201,39.983693
"222",222,2020-11-17,"Amici Vicinato","Lafayette Hill, PA",6.6,-75.2591882,40.0914238
"223",223,2020-11-16,"Café Carmela","Philadelphia, PA",7.3,-75.0303251,40.0571449
"224",224,2020-11-12,"Charlie's Pizzeria","Philadelphia, PA",7.6,-75.1051565,40.0299236
"225",225,2020-11-11,"Franzone's Pizzeria & Restau...","Philadelphia, PA",7.4,-75.2932477,40.0959712
"226",226,2020-11-10,"Maxi's Pizza, Subs and Bar","Philadelphia, PA",7.1,-75.155987,39.9822097
"227",227,2020-11-09,"Pizzata Pizzeria","Philadelphia, PA",8.1,-75.1778967,39.9493572
"228",228,2020-11-06,"Goodfellas Pizzeria","Lexington, KY",7.7,-84.5202991,38.0566579
"229",229,2020-11-04,"Tony's Famous Tomato Pie","Philadelphia, PA",7.3,-75.059087,40.028443
"230",230,2020-11-03,"Montesini Pizza","Philadelphia, PA",7.4,-75.0583838,40.0295116
"231",231,2020-10-30,"Gaetano's Pizzeria","Clifton Heights, PA",7.8,-75.2940119,39.9275141
"232",232,2020-10-28,"Imperial Pizza","Secane, PA",6.9,-75.309656,39.914964
"233",233,2020-10-27,"Sam’s Boardwalk Style Pizza ...","Havertown, PA",7.3,-75.3033136,39.9788848
"234",234,2020-10-26,"Pica's Restaurant of Upper D...","Upper Darby, PA",7.8,-75.2752778,39.9652778
"235",235,2020-10-23,"Anthony's Pizza VI","Charles Town, WV",4.2,-77.8302599,39.2959284
"236",236,2020-10-23,"Brothers Pizzeria And Italia...","Charles Town, WV",5.8,-77.8289331,39.3009125
"237",237,2020-10-22,"Circles + Squares","Philadelphia, PA",8.2,-75.1232281,39.9811801
"238",238,2020-10-19,"In Riva","Philadelphia, PA",6.7,-75.1924226,40.0078624
"239",239,2020-10-15,"Allegro Pizza","Philadelphia, PA",6.6,-75.2029001,39.9514814
"240",240,2020-10-14,"Pizza Jawn","Philadelphia, PA",8.1,-75.2231982,40.0251321
"241",241,2020-10-13,"Joe's Pizza","West Hollywood, CA",7.6,-118.3778564,34.0938535
"242",242,2020-10-12,"Conte's Pizza and Bar","Princeton, NJ",8.9,-74.6634754,40.359614
"243",243,2020-10-09,"Explorer's Den Steaks and Ho...","Philadelphia, PA",6.1,-75.1579896,40.0411239
"244",244,2020-10-08,"LaScala's Pronto","Philadelphia, PA",6.1,-75.1646657,39.9436403
"245",245,2020-10-07,"Wood Street Pizza","Philadelphia, PA",8.1,-75.1582912,39.9584238
"246",246,2020-10-06,"Pietro's Coal Oven Pizzeria","Philadelphia, PA",7.4,-75.1700222,39.9499611
"247",247,2020-10-05,"Zio's Brick Oven Pizzeria","Philadelphia, PA",6.8,-75.1617499,39.9500908
"248",248,2020-10-02,"Botanica Bar","New York, NY",7.8,-73.9947686,40.724661
"249",249,2020-10-01,"Enjay's Pizza","Philadelphia, PA",6.8,-75.2028714,39.9537227
"250",250,2020-09-30,"Giovani's Bar & Grill","Philadelphia, PA",7.4,-75.1667468,39.9515138
"251",251,2020-09-29,"Axis Pizza","Philadelphia, PA",6.2,-75.194571,39.9551781
"252",252,2020-09-28,"Mineo's Pizza House","Pittsburgh, PA",7.1,-79.9232083,40.4329467
"253",253,2020-09-25,"Aiello's Pizza","Pittsburgh, PA",6.1,-79.9231926,40.4332607
"254",254,2020-09-23,"Benny Fierro's","Pittsburgh, PA",6.4,-79.9788057,40.428477
"255",255,2020-09-22,"Gennaro's Pizza","Pittsburgh, PA",6.7,-79.9834983,40.4289601
"256",256,2020-09-21,"Pizzeria Stella","Philadelphia, PA",7.1,-75.1456824,39.9424247
"257",257,2020-09-18,"Angelino's Restaurant","Philadelphia, PA",7.9,-75.1776345,39.9712971
"258",258,2020-09-17,"Fiori's Pizzaria","Pittsburgh, PA",7.8,-80.0185903,40.4051788
"259",259,2020-09-16,"Beto's Pizza","Pittsburgh, PA",7.2,-80.030394,40.4127068
"260",260,2020-09-15,"Juliano's Restaurant & Pizze...","Robinson Twp., PA",7.5,-117.2925166,34.4697641
"261",261,2020-09-14,"Soho 99 Cents","New York, NY",5.4,-73.9870216,40.7255477
"262",262,2020-09-11,"Bar Dough","New York, NY",7.1,-73.9898821,40.7603521
"263",263,2020-09-09,"Moustache","New York, NY",7.4,-74.0051987,40.7322071
"264",264,2020-09-08,"Primavera Pizza","Montauk, NY",7.6,-71.944404,41.0363493
"265",265,2020-09-04,"Pizza Collective","New York, NY",7.6,-73.9817996,40.7775818
"266",266,2020-09-03,"Pop's Pizzas","New York, NY",7.5,-73.9831799,40.7670265
"267",267,2020-09-02,"La Capannina","Wainscott, NY",7.6,-72.2482516,40.9477443
"268",268,2020-09-01,"Sam's Restaurant","East Hampton, NY",7.8,-72.1864316,40.9642808
"269",269,2020-08-26,"Villa Milano ","Manhasset, NY",7.1,-73.6985125,40.7950532
"270",270,2020-08-25,"Salvatore's Coal Oven Pizzer...","Port Washington, NY",7.6,-73.7071342,40.8415922
"271",271,2020-08-24,"Pennachio's","Manorville, NY",7.5,-72.7945849,40.8674702
"272",272,2020-08-21,"P&G Pizza and Deli","Southampton, NY",7.1,-73.4293765,40.6696061
"273",273,2020-08-20,"Cittanuova","East Hampton, NY",6.7,-72.1863889,40.9638889
"274",274,2020-08-19,"Fierro's Pizza","East Hampton, NY",7.4,-72.187295,40.963888
"275",275,2020-08-18,"Springs Pizza","East Hampton, NY",5.8,-72.1549647,41.0249269
"276",276,2020-08-17,"Pepperoni's","East Hampton, NY",6.7,-72.1714627,40.9911118
"277",277,2020-08-13,"Astro's Pizza","Amagansett, NY",6.8,-72.1407088,40.9757921
"278",278,2020-08-12,"Best Pizza & Dive Bar","Amagansett, NY",8.4,-95.7063335,37.2230321
"279",279,2020-08-11,"Pizza Village","Montauk, NY",7.3,-71.9459804,41.0333698
"280",280,2020-08-10,"Sausages Pizza & Pastabiliti...","Montauk, NY",6.1,-71.9430372,41.0357131
"281",281,2020-08-08,"Moby's","East Hampton, NY",7.9,-72.1652845,40.9682448
"282",282,2020-08-06,"Colombo's Cafe & Pastries","Hyannis, MA",7.4,-70.2886833,41.6505556
"283",283,2020-08-05,"Craigville Pizza & Mexican","Centerville, MA",5.9,-70.3266531,41.6387628
"284",284,2020-08-04,"Jack's Pizza Hyannis","Hyannis, MA",5.8,-70.3103369,41.6486381
"285",285,2020-08-03,"Main Street Pizza Company","Farmingdale, NY",7.1,-73.4459546,40.7322305
"286",286,2020-07-30,"B & B Pizza","Hyannis, MA",6.1,-95.6390221,37.057223
"287",287,2020-07-29,"New England Pizza House No 1","Hyannis, MA",7.2,-70.3039012,41.6475669
"288",288,2020-07-28,"Torino Restaurant and Bar","Hyannis, MA",6.3,-70.284814,41.6520889
"289",289,2020-07-27,"Pizza Barbone","Hyannis, MA",6.8,-70.2840479,41.6528647
"290",290,2020-07-23,"Palio Pizzeria","Hyannis, MA",6.3,-70.2855043,41.6519143
"291",291,2020-07-22,"British Beer Company","Hyannis, MA",6.8,-70.2848721,41.6526541
"292",292,2020-07-16,"Crust","Cleveland, OH",6.7,-81.6866507,41.4811934
"293",293,2020-07-15,"Edison's Pizza Kitchen","Cleveland, OH",5.1,-81.685,41.4802778
"294",294,2020-07-14,"Vincenza's Pizza & Pasta","Cleveland, OH",7.6,-84.2515286,34.0268884
"295",295,2020-07-13,"Il Rione","Cleveland, OH",7.7,-81.729939,41.486704
"296",296,2020-07-10,"Columbia Inn","Montville, NJ",8.7,-74.3899916,40.9131559
"297",297,2020-07-09,"Vince the Pizza Prince","Scranton, PA",7.5,-75.6655066,41.3992625
"298",298,2020-07-08,"Foggy Nantucket","Nantucket, MA",6.8,-70.0905388,41.2729847
"299",299,2020-07-07,"Alfredo's Pizza Cafe","Scranton, PA",7.4,-75.6746163,41.399423
"300",300,2020-07-06,"Maroni's Pizza House","Scranton, PA",7.5,-75.693249,41.4034804
"301",301,2020-07-03,"Sabatini's Pizza Inc","Exeter, PA",7.9,-75.8286438,41.316535
"302",302,2020-07-02,"Gerry's Pizzeria","Wilkes Barre, PA",8.1,-75.9132843,41.2374838
"303",303,2020-07-01,"Shelley's Pizza","Wilkes Barre, PA",7.3,-75.9177869,41.2352299
"304",304,2020-06-30,"Angelo's Pizza","Wilkes Barre, PA",8.1,-75.8922668,41.2290464
"305",305,2020-06-29,"M & S Pizza II","Rockaway Township, NJ",6.9,-95.6258359,37.0325864
"306",306,2020-06-26,"Vinnie's Pizzeria & Ristoran...","Boonton, NJ",6.8,-122.76621,47.0557969
"307",307,2020-06-25,"Pasquale's Restaurant and Pi...","Boonton, NJ",6.5,-74.4081491,40.9036938
"308",308,2020-06-24,"Reservoir Tavern","Boonton, NJ",7.6,NA,NA
"309",309,2020-06-23,"Millie's Old World Meatballs...","Morristown, NJ",6.7,-74.4790743,40.7950045
"310",310,2020-06-22,"Renzo's Cafe Pizzeria","Boca Raton, FL",7.5,-80.1250261,26.4071111
"311",311,2020-06-21,"Nonna's","Florham Park, NJ",7.7,-74.3906764,40.789094
"312",312,2020-06-19,"Brooklyn Boys Pizza & Pasta","Boca Raton, FL",6.8,-117.3408836,33.1825659
"313",313,2020-06-18,"Pizza District","Boca Raton, FL",7.6,-80.152279,26.3324043
"314",314,2020-06-17,"Tomasso's Pizza and Subs","Boca Raton, FL",7.3,NA,NA
"315",315,2020-06-16,"Sicilian Oven","Boca Raton, FL",7.9,-80.136567,26.362477
"316",316,2020-06-15,"Nick's New Haven Style Pizze...","Boca Raton, FL",7.7,-80.1263977,26.3661013
"317",317,2020-06-11,"Sazio","Delray Beach, FL",6.6,-80.0713686,26.4618038
"318",318,2020-06-10,"Heritage","Fort Lauderdale, FL",8.1,-80.1391798,26.1352626
"319",319,2020-06-09,"Conte's Pizza","Delray Beach, FL",7.2,-80.0708518,26.4674949
"320",320,2020-06-08,"Nick's Pizza","Deerfield Beach, FL",7.1,NA,NA
"321",321,2020-06-05,"Pizza Time Ristorante","Boca Raton, FL",7.4,-80.0917999,26.3404561
"322",322,2020-06-04,"Pizza Craft Artisan Pizzeria","Fort Lauderdale, FL",8.1,-80.147038,26.1203071
"323",323,2020-06-03,"Tucci's Fire N Coal Pizza","Boca Raton, FL",8.1,-80.0855352,26.3510172
"324",324,2020-06-01,"Franco & Vinny's","Fort Lauderdale, FL",6.7,-84.1806182,39.7572364
"325",325,2020-05-28,"Primanti Bros","Fort Lauderdale, FL",5.3,-80.1033836,26.1370569
"326",326,2020-05-27,"Luigi's Coal Oven Pizza","Fort Lauderdale, FL",7.8,-80.1288704,26.119667
"327",327,2020-03-18,"Pizza Time Restaurant","Avenel, NJ",6.8,-74.2939834,40.5755815
"328",328,2020-03-17,"Nancy's Towne House","Rahway, NJ",8.8,-74.2740437,40.606078
"329",329,2020-03-16,"Frankie Feds","Freehold, NJ",6.8,-74.2488791,40.2495103
"330",330,2020-03-13,"Romeo's","Freehold, NJ",7.4,-74.2698819,40.2208355
"331",331,2020-03-12,"Dusal's Italian Restaurant","Freehold, NJ",7.2,-74.2999388,40.2439897
"332",332,2020-03-11,"Federici's Family Restaurant","Freehold, NJ",8.8,-74.2734313,40.2602221
"333",333,2020-03-10,"Margari Pizza","New York, NY",6.3,-73.9653527,40.7587907
"334",334,2020-03-09,"Joe & Pat's Pizzeria","Staten Island, NY",8.6,-95.7946101,36.07331
"335",335,2020-03-06,"Round Pie Pizza Company","Staten Island, NY",7.8,-74.129289,40.61286
"336",336,2020-03-05,"Pizzeria Giove","Staten Island, NY",8.1,-74.113109,40.5721293
"337",337,2020-03-04,"Frank & Danny's Pizzeria","New York, NY",7.6,-95.6393167,37.0412191
"338",338,2020-03-03,"Villa Monte Restaurant","Staten Island, NY",6.7,-74.1930312,40.5536978
"339",339,2020-03-02,"T's Wine Bar And Kitchen","Stamford, CT",5.9,-73.5375895,41.0462694
"340",340,2020-02-28,"Belltown Pizza","Stamford, CT",6.9,-73.5311447,41.0769942
"341",341,2020-02-27,"Hope Pizza Restaurant","Stamford, CT",6.5,-73.527134,41.0685965
"342",342,2020-02-26,"Remo's","Stamford, CT",7.4,-73.5386933,41.0555853
"343",343,2020-02-25,"Fresco By Scotto","New York, NY",7.9,-73.9744444,40.7588889
"344",344,2020-02-24,"Pizza Brain","Philadelphia, PA",6.8,-75.1280968,39.9806746
"345",345,2020-02-21,"Sir Pizza","Key Biscayne, FL",7.2,-80.16465,25.687926
"346",346,2020-02-20,"Strong's Brick Oven Pizzeria","Lawrenceburg, IN",6.7,-84.8474771,39.0927944
"347",347,2020-02-19,"PizzaPapalis of Greektown","Detroit, MI",7.6,-83.0416977,42.3354311
"348",348,2020-02-17,"Giuseppe's Steel City Pizza","Port Orange, FL",7.3,-81.0117147,29.1387112
"349",349,2020-02-16,"Pete's Pizza","Daytona Beach, FL",7.6,-81.027206,29.178067
"350",350,2020-02-13,"Brooklyn Square Pizza","Jackson, NJ",8.9,-74.25487,40.128
"351",351,2020-02-12,"Pete & Elda's Bar / Carmen's...","Neptune City, NJ",8.1,-94.7859644,36.8717144
"352",352,2020-02-11,"Amano Pizza","South Amboy, NJ",7.9,-74.2827256,40.4780989
"353",353,2020-02-10,"Napoli Pizza & Pasta","Astoria, NY",7.5,-94.7054147,37.4195466
"354",354,2020-02-07,"Grand Avenue Pizza","Astoria, NY",7.9,-73.9183791,40.7653363
"355",355,2020-02-06,"Rose & Joe's Italian Bakery","Astoria, NY",6.8,-95.811787,36.089383
"356",356,2020-02-05,"Rosario's","Astoria, NY",7.7,-73.9119119,40.7748968
"357",357,2020-02-04,"Spris","Miami Beach, FL",6.3,-80.1361747,25.7907304
"358",358,2020-02-03,"Grafa Pizza","Miami Beach, FL",7.1,-80.1317145,25.7851237
"359",359,2020-01-31,"Pizza Tropical","Miami, FL",7.3,-80.198286,25.79961
"360",360,2020-01-30,"Mom's New York Pizza","Miami Beach, FL",4.3,-80.131206,25.781591
"361",361,2020-01-29,"La Leggenda Pizzeria","Miami Beach, FL",7.2,-80.1312662,25.7867889
"362",362,2020-01-28,"Piola - Miami Beach","Miami Beach, FL",6.1,-80.1334179,25.7771798
"363",363,2020-01-27,"Blocks Pizza Deli","Miami Beach, FL",8,-80.1315634,25.787171
"364",364,2020-01-24,"Hi-Class Pizza","Bellerose, NY",7.4,-73.7217271,40.7253812
"365",365,2020-01-23,"Vaccaro's Pizza","Floral Park, NY",7.8,-73.710758,40.727941
"366",366,2020-01-22,"Village Pizzeria","Floral Park, NY",6.7,-73.7025241,40.7241898
"367",367,2020-01-21,"Eddie's Pizza","New Hyde Park, NY",7.8,-73.674833,40.751103
"368",368,2020-01-20,"Square Pizza","New York, NY",6.5,-73.9847403,40.7200154
"369",369,2020-01-17,"Giovanni's Pizzeria & Restau...","Hoboken, NJ",6.7,-93.0261335,41.6994311
"370",370,2020-01-16,"Tenth Street Pasta & Pizza","Hoboken, NJ",8.6,-74.0313584,40.7493529
"371",371,2020-01-15,"The Brick Fire Baked Pizza","Hoboken, NJ",7.3,-74.0271466,40.7508726
"372",372,2020-01-14,"Campania Coal Fired Pizza","Brooklyn, NY",7.3,-74.0332469,40.6135719
"373",373,2020-01-13,"Norm's Pizza","Brooklyn, NY",7.6,-73.9884258,40.6926226
"374",374,2020-01-10,"Grandma's Original Pizza","Brooklyn, NY",7.2,-74.0264548,40.6353604
"375",375,2020-01-09,"Krispy Pizza ","Brooklyn, NY",7.8,-74.0055907,40.6224113
"376",376,2020-01-08,"Gino's Restaurant","Brooklyn, NY",7.6,-74.0226686,40.6299441
"377",377,2020-01-07,"Elegante Pizzeria","Brooklyn, NY",7.4,-74.021369,40.633019
"378",378,2020-01-06,"Hell’s Kitchen Pizza","New York, NY",1.9,-73.989777,40.7619911
"379",379,2020-01-03,"Casola's Pizzeria & Sub Shop","Miami, FL",6.3,-80.2214392,25.7469796
"380",380,2020-01-02,"Anthony's","Watertown, CT",6.9,-73.086815,41.5886501
"381",381,2019-12-30,"Lenny's Pizza","Miami Beach, FL",6.1,-80.130269,25.813639
"382",382,2019-12-27,"Fino Wood Fired Pizza & Bar","Watertown, CT",6.7,-73.1156629,41.6015625
"383",383,2019-12-26,"Vinny's Restaurant & Pizzeri...","Naugatuck, CT",6.8,-95.7943922,36.0612901
"384",384,2019-12-25,"Mike's Pizza Palace","Naugatuck, CT",6.6,-73.0564159,41.4877999
"385",385,2019-12-24,"John's Pizza Restaurant","Naugatuck, CT",7.2,-73.0584271,41.4869223
"386",386,2019-12-23,"Vincenzo's Pizzeria","Waterbury, CT",7.5,-73.0526263,41.537476
"387",387,2019-12-20,"Domenick & Pia Pizzeria","Waterbury, CT",8.1,-75.5030281,41.5712229
"388",388,2019-12-19,"Jet's Pizza","New York, NY",7.4,-74.0035754,40.7431066
"389",389,2019-12-18,"Salt & Pepper","New York, NY",4.8,-73.5415967,40.646093
"390",390,2019-12-17,"Little Italy Pizza","New York, NY",6.1,-73.9814849,40.7564807
"391",391,2019-12-16,"Square Pizza & Chicken","New York, NY",2.2,-94.4175724,39.0931151
"392",392,2019-12-14,"John's Pizzeria","Jersey City, NJ",7.6,-74.0374421,40.7144188
"393",393,2019-12-12,"Porta","Jersey City, NJ",7.1,-74.0437028,40.7202212
"394",394,2019-12-11,"Razza Pizza Artigianale","Jersey City, NJ",8.1,-74.0442613,40.7177698
"395",395,2019-12-10,"DC PIE co. Brickell","Miami, FL",7.1,-80.1923046,25.7643471
"396",396,2019-12-09,"Andiamo","Miami, FL",6.8,-80.186893,25.827668
"397",397,2019-12-07,"Pizza Bar - Collins Avenue","Miami Beach, FL",6.1,-80.1299426,25.7902999
"398",398,2019-12-06,"Pizza Tree","Columbia, MO",6.6,-92.327112,38.950644
"399",399,2019-12-05,"Shakespeare's Pizza - Downto...","Columbia, MO",6.7,-92.327906,38.94867
"400",400,2019-12-04,"Flavors of Italy Bistro","New York, NY",5.4,-73.9913129,40.7518386
"401",401,2019-12-03,"Tommy's Pizza","Providence, RI",7.2,-71.4381222,41.8326306
"402",402,2019-12-02,"Providence Coal Fired Pizza","Providence, RI",7.4,-71.4150767,41.8213679
"403",403,2019-11-29,"Tony D's Pizza","Caldwell, NJ",7.9,-74.278339,40.8413251
"404",404,2019-11-27,"Angeloni's Restaurant & Pizz...","Caldwell, NJ",8.8,-74.2771816,40.8399542
"405",405,2019-11-27,"Al Forno Restaurant","Providence, RI",7.2,-71.4006239,41.8173139
"406",406,2019-11-26,"Fellini Pizzeria","Providence, RI",7.1,-71.4000556,41.8193611
"407",407,2019-11-25,"Federal Hill Pizza Providenc...","Providence, RI",6.7,-71.4422975,41.8323983
"408",408,2019-11-22,"Antonio's Pizza","Providence, RI",5.9,-71.4008861,41.8288167
"409",409,2019-11-21,"Caserta Pizzeria","Providence, RI",7.4,-71.4277564,41.8244604
"410",410,2019-11-20,"DOUGH By Licastri","Staten Island, NY",7.4,-74.0994606,40.5938961
"411",411,2019-11-19,"Nunzio's Pizzeria & Restaura...","Staten Island, NY",7.9,-89.0583543,42.3152869
"412",412,2019-11-18,"Lincoln Financial Field","Philadelphia, PA",1.2,-75.1675215,39.9013695
"413",413,2019-11-15,"De Lorenzo's Tomato Pies","Robbinsville, NJ",9.2,-74.6272432,40.2182883
"414",414,2019-11-14,"Papa's Tomato Pies","Robbinsville, NJ",8.6,-74.6239575,40.2152582
"415",415,2019-11-13,"Vino's Pizza","Lafayette Hill, PA",7.4,-75.2615038,40.0923218
"416",416,2019-11-12,"Angelo's Pizzeria","Philadelphia, PA",9.1,-75.1576535,39.940654
"417",417,2019-11-07,"7-Eleven","New York, NY",0,-73.9832679,40.747121
"418",418,2019-11-06,"Feroce Ristorante","New York, NY",7.1,-73.9909496,40.7464038
"419",419,2019-11-05,"Mangia - Flatiron","New York, NY",5.2,-73.990672,40.741722
"420",420,2019-11-04,"Fortina - Brooklyn","Brooklyn, NY",6.2,-73.9827885,40.6908464
"421",421,2019-10-31,"Union St Pizza","Brooklyn, NY",6.6,-73.9833636,40.6773757
"422",422,2019-10-30,"Old Fashioned Pizza","New York, NY",6.3,-73.9861436,40.7317289
"423",423,2019-10-29,"L'Arte Della Pizza Brooklyn","Brooklyn, NY",8.1,-73.9799572,40.6776064
"424",424,2019-10-28,"Lo Duca Pizza","Brooklyn, NY",8.1,-73.9625705,40.6350363
"425",425,2019-10-25,"Pizza Time","Brooklyn, NY",8.2,-73.9624397,40.6249347
"426",426,2019-10-24,"Rivington Pizza","New York, NY",6.5,-73.9845925,40.7192175
"427",427,2019-10-23,"Milk Bar East Village","New York, NY",1.2,-73.9857653,40.7319084
"428",428,2019-10-22,"Faccia Luna Pizzeria","State College, PA",6.7,-77.847396,40.784782
"429",429,2019-10-21,"Canyon Pizza","State College, PA",2.8,-77.858517,40.7949346
"430",430,2019-10-18,"Justin's Pizza","Bronx, NY",5.9,-73.926351,40.826852
"431",431,2019-10-17,"Eleven B","New York, NY",7.2,-73.9797456,40.7274188
"432",432,2019-10-16,"Via Trenta Pizzoteca","New York, NY",6.7,-74.0030827,40.7527435
"433",433,2019-10-15,"Davenport's Pizza Palace","Mountain Brook, AL",6.7,-86.772821,33.4824899
"434",434,2019-10-14,"Post Office Pies","Birmingham, AL",7.1,-86.7739818,33.5243704
"435",435,2019-10-11,"Via Roma Pizza Bar","Brooklyn, NY",7.9,-73.997764,40.67804
"436",436,2019-10-10,"F & F Pizzeria","Brooklyn, NY",8.7,-95.7287127,37.2556461
"437",437,2019-10-09,"Peppebroni's Pizza - Morgant...","Morgantown, WV",6.7,-79.9544623,39.657536
"438",438,2019-10-08,"La Nova Pizzeria","Buffalo, NY",7.3,-78.7603351,42.9597786
"439",439,2019-10-07,"Picasso's Pizza","Buffalo, NY",7,-78.7540712,42.8599522
"440",440,2019-10-04,"Bocce Club Pizza","Amherst, NY",7.5,-78.8142327,42.9689004
"441",441,2019-10-03,"Ian's Pizza by the Slice","Madison, WI",6.1,-89.3956374,43.0729482
"442",442,2019-10-02,"Salvatore's Tomato Pies","Madison, WI",7.4,-89.3760651,43.0848058
"443",443,2019-10-01,"Trenta Tre Pizzeria","New York, NY",4.8,-73.9829774,40.7470305
"444",444,2019-09-30,"Red Pinto Tailgate Party","Orchard Park, NY",7.6,NA,NA
"445",445,2019-09-27,"Pizza Di Roma","Madison, WI",6.2,-89.495487,43.058414
"446",446,2019-09-26,"Nolita Pizza","New York, NY",7.4,-73.9962404,40.7208883
"447",447,2019-09-25,"Paisan's","Madison, WI",5.7,-89.3833014,43.0707691
"448",448,2019-09-24,"Sauce","New York, NY",8.3,-73.9893263,40.7204716
"449",449,2019-09-23,"Pizza Brutta","Madison, WI",6.8,-89.4164062,43.0651987
"450",450,2019-09-20,"Lucille","Madison, WI",7.4,-89.3813659,43.0744237
"451",451,2019-09-19,"Vito's Slices and Ices","New York, NY",7.4,-73.9952692,40.754534
"452",452,2019-09-18,"Pizza Hut","North Bergen, NJ",3.8,-74.0347034,40.7742572
"453",453,2019-09-16,"Las Vegas Motor Speedway","Las Vegas, NV",5.3,-115.0102761,36.2722847
"454",454,2019-09-12,"Marinara Pizza","New York, NY",7.4,-73.984499,40.7424034
"455",455,2019-09-11,"Hard Knox Pizzeria","Knoxville, TN",6.8,-83.9779744,35.9430127
"456",456,2019-09-10,"Prova Pizzabar","New York, NY",6.9,-73.9893607,40.7522809
"457",457,2019-09-09,"Manero's Pizza","New York, NY",7.2,-73.9984521,40.7176209
"458",458,2019-09-07,"Todaro Pizza","Clemson, SC",7.1,-82.837831,34.683535
"459",459,2019-09-06,"Scratch Brick Oven","Johnson City, TN",7.5,-82.3571195,36.3220186
"460",460,2019-09-05,"Casa Barilla","New York, NY",6.2,-73.979186,40.760711
"461",461,2019-09-04,"Emilio's of Morris Park","Bronx, NY",7.3,-73.854693,40.849096
"462",462,2019-09-03,"Tommy's Pizza","Bronx, NY",8.6,-73.8172086,40.8195619
"463",463,2019-09-02,"IL Brigante","New York, NY",7.1,-74.002642,40.707451
"464",464,2019-08-30,"Brenz Pizza Co.","Knoxville, TN",6.5,-83.932787,35.956533
"465",465,2019-08-29,"Claudio Pizzeria","New York, NY",6.8,-73.994657,40.760378
"466",466,2019-08-28,"Sorrento's","Long Beach, NY",8.7,-73.6718259,40.5888424
"467",467,2019-08-27,"Mary Lou's Pizza","Old Forge, PA",7.3,-75.7290323,41.3756
"468",468,2019-08-26,"Gino's Long Beach","Long Beach, NY",7.9,-73.664674,40.588151
"469",469,2019-08-23,"Ribalta Mo'","New York, NY",6.6,-73.991706,40.750285
"470",470,2019-08-22,"Salerno's Cafe","Old Forge, PA",7.1,-75.7334976,41.3700218
"471",471,2019-08-21,"Cafe Rinaldi","Old Forge, PA",7.6,-75.7375107,41.3681758
"472",472,2019-08-20,"Cusumano","Old Forge, PA",7.6,-75.7375741,41.3679869
"473",473,2019-08-17,"Boomershine Pizzeria","Bluff City, TN",6.5,-82.2687899,36.5055749
"474",474,2019-08-16,"Arcaro & Genell","Old Forge, PA",7.5,-122.3162335,47.6063356
"475",475,2019-08-15,"Revello's Pizza","Old Forge, PA",7.4,-75.7381598,41.3673585
"476",476,2019-08-14,"Mezze","Forest Hills, NY",6.8,-73.8534164,40.7265319
"477",477,2019-08-13,"Nick's Pizza - Forest Hills","Forest Hills, NY",8.4,-73.84048,40.71797
"478",478,2019-08-12,"Red Front Pizza","Clifton Park, NY",7.5,-73.773229,42.871164
"479",479,2019-08-09,"Sbarro","New York, NY",3.2,-73.990875,40.750339
"480",480,2019-08-08,"La Manda's Restaurant","White Plains, NY",5.9,-73.7923493,41.0413401
"481",481,2019-08-07,"NYC Pizza","New York, NY",5.9,-73.9894835,40.7508025
"482",482,2019-08-06,"Villa Pizza","New York, NY",7.1,-73.989259,40.757291
"483",483,2019-08-05,"Time Square Dollar Pizza","New York, NY",4.9,-73.9893296,40.755173
"484",484,2019-08-02,"Nonna's Pizza","White Plains, NY",7.8,-73.7597195,41.0379053
"485",485,2019-08-01,"Pizza 7","Saratoga Springs, NY",6.8,-73.7845764,43.08229
"486",486,2019-07-31,"Lombardo's","White Plains, NY",7.4,-73.7459139,40.9930806
"487",487,2019-07-30,"Michael's Famous Pan Pizza &...","Port Chester, NY",7.7,-73.6687469,40.9924926
"488",488,2019-07-29,"Glenville Pizza","Greenwich, CT",6.9,-73.663667,41.0378053
"489",489,2019-07-25,"Poppy Pizza","Mashpee, MA",3.8,-70.470898,41.5669417
"490",490,2019-07-23,"Shangri-La Kitchen","Nantucket, MA",3.8,-70.0903784,41.2728838
"491",491,2019-07-22,"Pizzeria Beddia","Philadelphia, PA",7.4,-75.1352305,39.9707345
"492",492,2019-07-19,"Dragon By The Sea","Nantucket, MA",6.7,-70.0776887,41.2638403
"493",493,2019-07-18,"Vince's Pizzeria","Philadelphia, PA",7.9,-75.0271085,40.07871
"494",494,2019-07-17,"Pizza Shackamaxon","Philadelphia, PA",7.9,-75.133958,39.969258
"495",495,2019-07-16,"Tacconelli's Pizzeria","Philadelphia, PA",8.1,-75.1130069,39.9804768
"496",496,2019-07-15,"Sam's","Brooklyn, NY",7.4,-73.9943774,40.6858677
"497",497,2019-07-12,"House of Pizza & Calzones","Brooklyn, NY",7.3,-88.275922,30.773524
"498",498,2019-07-11,"Cumberland Farms","Nantucket, MA",0.1,-70.0929666,41.2713155
"499",499,2019-07-10,"Table 87 - Brooklyn Heights","Brooklyn, NY",7.7,-73.9973211,40.6912825
"500",500,2019-07-09,"Krave It Pizza & Sandwich Jo...","Bayside, NY",6.8,-73.7709504,40.7638586
"501",501,2019-07-08,"VIPizza","Bayside, NY",7.2,-73.7700689,40.7612829
"502",502,2019-07-05,"Pizza Garden","Flushing, NY",7.4,-73.7956502,40.7582653
"503",503,2019-07-03,"Pizza Chef","Whitestone, NY",4.2,-73.8090466,40.7890607
"504",504,2019-07-02,"Freddy's Pizzeria","Whitestone, NY",7.3,-73.8140462,40.7889535
"505",505,2019-07-01,"Cascarino's Brick Oven Pizze...","Whitestone, NY",6.8,-73.8078418,40.7937691
"506",506,2019-06-28,"Sunnyside Pizza","Sunnyside, NY",5.4,-73.9240252,40.7440679
"507",507,2019-06-27,"Amore Pizzeria","Flushing, NY",8.1,-73.8341556,40.7693833
"508",508,2019-06-26,"Lucia Pizza","Flushing, NY",7.2,-73.8281637,40.7602421
"509",509,2019-06-25,"Mama Mia 44 SW","New York, NY",4.9,-73.9920101,40.7597384
"510",510,2019-06-24,"City Pizza","New York, NY",7.1,-73.9466523,40.7801857
"511",511,2019-06-21,"Peperino","New York, NY",7.8,-73.9907591,40.7727754
"512",512,2019-06-20,"Rosa's Pizza","Maspeth, NY",7.4,-73.895632,40.726969
"513",513,2019-06-19,"Ascot Racecourse","Bracknell Forest, WNM",4.1,-0.6794847,51.412167
"514",514,2019-06-18,"Ciro's Pizza Pomodoro","London, XGL",2.1,-0.1652117,51.4976669
"515",515,2019-06-17,"Grand Apizza Shoreline","Clinton, CT",8.2,-72.5266707,41.2787915
"516",516,2019-06-14,"Resca","New York, NY",7.4,-73.958029,40.776465
"517",517,2019-06-13,"Nino’s Pizza & Subs","Boston, MA",7.3,-93.0055165,44.9923498
"518",518,2019-06-12,"Haymarket Pizza","Boston, MA",7.7,-71.0564508,42.3615834
"519",519,2019-06-11,"Sotto 13","New York, NY",6.9,-73.9991686,40.7372274
"520",520,2019-06-10,"Faraci Pizza","Ballwin, MO",5.9,-90.5637098,38.5923608
"521",521,2019-06-07,"Dewey's Pizza","University City, MO",6.6,-90.3379598,38.6590397
"522",522,2019-06-06,"Pat's Pizza","Dorchester Center, MA",7.8,-71.067576,42.273495
"523",523,2019-06-05,"La Pizza","University City, MO",7.2,-90.3483362,38.6606232
"524",524,2019-06-04,"Pi Pizzeria - Delmar Loop","Saint Louis, MO",5.8,-90.2977575,38.655066
"525",525,2019-06-03,"Imo's Pizza","Saint Louis, MO",6.2,-90.286543,38.630625
"526",526,2019-05-31,"Whole Foods Market","New York, NY",6.1,-73.9831866,40.7685526
"527",527,2019-05-30,"Rosella's Pizzeria","New York, NY",6.2,-74.005622,40.7100678
"528",528,2019-05-29,"Union Park Pizza","Boston, MA",7.4,-71.0703101,42.3412749
"529",529,2019-05-28,"Pino's Pizza","Brighton, MA",8.8,-71.1492381,42.3365831
"530",530,2019-05-27,"Figs by Todd English","Boston, MA",7.4,-71.0624315,42.3736241
"531",531,2019-05-24,"Artichoke Basille's Pizza","New York, NY",7.8,-73.9838333,40.7321667
"532",532,2019-05-23,"Healthy Choice Gourmet Deli ...","New York, NY",5.9,-73.9925961,40.747872
"533",533,2019-05-22,"Rocky's Pizza Bar and Restau...","New York, NY",6.4,-73.9988889,40.7541667
"534",534,2019-05-21,"Manco & Manco Pizza","Ocean City, NJ",7.3,-98.2776947,29.6063613
"535",535,2019-05-20,"Tony's Baltimore Grill","Atlantic City, NJ",4.9,-74.4458305,39.3546862
"536",536,2019-05-17,"Mike's Apizza & Restaurant","West Haven, CT",7.7,-72.945933,41.260986
"537",537,2019-05-16,"Roseland Apizza","Derby, CT",8.6,-73.103437,41.331732
"538",538,2019-05-15,"Ernie's Pizzeria","New Haven, CT",7.9,-72.972445,41.3310434
"539",539,2019-05-14,"Minervini's Pizzeria & Resta...","East Haven, CT",7.1,-72.870372,41.277099
"540",540,2019-05-13,"John & Maria's Pizzeria","East Haven, CT",8.5,-95.6393167,37.0412191
"541",541,2019-05-10,"Sal's Pizzeria","Mamaroneck, NY",7.7,-73.7352519,40.9510878
"542",542,2019-05-09,"Pizzeria La Rosa","New Rochelle, NY",7.9,-73.790905,40.901832
"543",543,2019-05-08,"Famous Calabria","New York, NY",6.9,-73.9993469,40.7119418
"544",544,2019-05-07,"Bonnie & Clyde's Pizza Parlo...","Louisville, KY",7.4,-97.8247485,30.2279702
"545",545,2019-05-06,"Spinelli's Pizzeria","Louisville, KY",6.8,-85.7286911,38.245636
"546",546,2019-05-03,"Butchertown Pizza Hall","Louisville, KY",7.2,-85.7278945,38.2562759
"547",547,2019-05-02,"Strawberry's Pub & Pizza","Woodbridge, NJ",7.3,-74.276497,40.5446457
"548",548,2019-05-01,"Brooklyn Boys Pizza and Deli","Edison, NJ",7.1,-74.3445196,40.5553768
"549",549,2019-04-30,"Sciortinos's Pizza Pasta & M...","Perth Amboy, NJ",6.6,-74.2795955,40.5175257
"550",550,2019-04-29,"Talladega Superspeedway","Talladega, AL",3.8,-86.0661253,33.5669742
"551",551,2019-04-28,"Mata's Greek Pizza & Grinder...","Anniston, AL",3.9,-85.827223,33.6658826
"552",552,2019-04-27,"First Class Pizza To Go","Lincoln, AL",5.9,-86.1191466,33.6028746
"553",553,2019-04-26,"Porrino's Pizzeria","Little Ferry, NJ",7.6,-74.0456317,40.8540685
"554",554,2019-04-25,"Pizza Wagon","Brooklyn, NY",7.4,-74.0265837,40.6213163
"555",555,2019-04-24,"Gigino Trattoria","New York, NY",7.3,-74.0104673,40.7172647
"556",556,2019-04-23,"The Longshoreman","New York, NY",8.2,-74.0026642,40.6846955
"557",557,2019-04-22,"Cheska's","New York, NY",2.8,-73.9920619,40.7266748
"558",558,2019-04-19,"Little Caesars Pizza","Princeton, WV",4.6,-81.09656,37.362164
"559",559,2019-04-18,"Beebe's","Long Island City, NY",6.7,-73.935689,40.7547866
"560",560,2019-04-17,"sLICe LIC","Long Island City, NY",8.1,-73.953607,40.743709
"561",561,2019-04-16,"Stromboli Pizza","New York, NY",3.2,-73.9854429,40.7277856
"562",562,2019-04-15,"Biga Bite","New York, NY",6.9,-73.9840754,40.7212685
"563",563,2019-04-12,"Hello Pizza","Edina, MN",6.2,-93.3294872,44.9219051
"564",564,2019-04-11,"Artistic Pizza","New York, NY",6.8,-74.0004176,40.7306811
"565",565,2019-04-10,"Broders Cucina Italiana","Minneapolis, MN",6.6,-93.309125,44.912549
"566",566,2019-04-09,"Red Wagon Pizza Co","Minneapolis, MN",7.5,-93.3089353,44.9046047
"567",567,2019-04-08,"Surly Brewing","Minneapolis, MN",8.3,-93.2098183,44.9729768
"568",568,2019-04-05,"Pizzeria Lola","Minneapolis, MN",6.9,-93.31861,44.9018155
"569",569,2019-04-04,"Zuppardi's Apizza","West Haven, CT",8.2,-72.944625,41.2735167
"570",570,2019-04-03,"W4 Pizza","New York, NY",4.8,-74.0014102,40.7318207
"571",571,2019-04-02,"Big Al's Chicago Style Pizza","New York, NY",6.1,-74.0115954,40.7089116
"572",572,2019-04-01,"Village Square Pizza","New York, NY",7.6,-73.9827385,40.7275164
"573",573,2019-03-29,"Side Piece Pizza","Las Vegas, NV",7.4,-115.3341367,36.1559846
"574",574,2019-03-28,"Cugino's Italian Deli & Pizz...","Las Vegas, NV",7.7,-115.1359439,36.106969
"575",575,2019-03-27,"Upper Crust Pizzeria","Beverly Hills, CA",5.4,-118.3992929,34.0634557
"576",576,2019-03-26,"Stella Barra Pizzeria & Wine...","Santa Monica, CA",5.9,-77.1169665,39.0497168
"577",577,2019-03-25,"Mulberry Street Pizzeria","Beverly Hills, CA",7.5,-118.398777,34.0634695
"578",578,2019-03-22,"Meadowlands Racing and Enter...","East Rutherford, NJ",4.2,-74.0715255,40.8200315
"579",579,2019-03-21,"Fort Lee Pizzeria","Fort Lee, NJ",8,-73.96157,40.864976
"580",580,2019-03-20,"Saverio's Authentic Pizza Na...","Massapequa, NY",6.8,-73.4625384,40.7018292
"581",581,2019-03-19,"Mario's Pizzeria Massapequa","Massapequa, NY",6.6,-73.466797,40.6883421
"582",582,2019-03-18,"Pizza Sam","Jackson Heights, NY",8.4,-73.8785423,40.7560589
"583",583,2019-03-15,"Rosa's Pizza","Middle Village, NY",6.7,-73.8754225,40.713315
"584",584,2019-03-14,"La Nonna Krispy Krust Pizza","Brooklyn, NY",7.4,-73.9639429,40.7180668
"585",585,2019-03-13,"Paulie Gee's","Brooklyn, NY",7.3,-73.958552,40.729615
"586",586,2019-03-13,"Paulie Gee's Slice Shop","Brooklyn, NY",7.4,-73.957175,40.7283642
"587",587,2019-03-12,"Tony's Pizza","Brooklyn, NY",7.9,-73.9188171,40.6992231
"588",588,2019-03-11,"Carmine's Pizzeria","Brooklyn, NY",7.8,-73.9442194,40.7149299
"589",589,2019-03-08,"Totonno's","Brooklyn, NY",8.1,-73.9838232,40.5789173
"590",590,2019-03-07,"Krispy Pizza","Jersey City, NJ",6.2,-74.035096,40.7133731
"591",591,2019-03-06,"Good Pie","Las Vegas, NV",7.2,-115.1540522,36.1568981
"592",592,2019-03-01,"King Umberto's of Elmont","Elmont, NY",8.1,-73.6900665,40.707915
"593",593,2019-02-28,"Vezzo","New York, NY",7.7,-73.9814247,40.7444375
"594",594,2019-02-27,"Starbucks Reserve Roastery N...","New York, NY",6.8,-74.0051549,40.7415944
"595",595,2019-02-26,"Deninos Pizzeria & Tavern","Staten Island, NY",8.1,-74.1402479,40.6302068
"596",596,2019-02-25,"Brother's Pizzeria","Staten Island, NY",7.9,-74.1437842,40.6255202
"597",597,2019-02-22,"Pizza Town USA","Elmwood Park, NJ",7.5,-74.1225457,40.8935718
"598",598,2019-02-21,"Canal Pizza","New York, NY",1.7,-73.9934635,40.7155579
"599",599,2019-02-20,"Pizza Al Fresco","Palm Beach, FL",2.2,-80.040347,26.701258
"600",600,2019-02-19,"Harry's Italian","New York, NY",7.7,-74.014798,40.71513
"601",601,2019-02-18,"Chuck E. Cheese","West Melbourne, FL",6,-80.7047454,28.0773033
"602",602,2019-02-17,"Napoli Pizza","Daytona Beach, FL",6.6,-81.010685,29.231543
"603",603,2019-02-14,"Pizza Girls WPB","West Palm Beach, FL",6.9,-80.0502407,26.7128866
"604",604,2019-02-13,"Eddie & Sam's NY Pizza","Tampa, FL",7.1,-94.718563,38.953842
"605",605,2019-02-12,"La Vera Pizzeria","New York, NY",6.7,-73.982168,40.740668
"606",606,2019-02-11,"Salvo's Pizzabar","New York, NY",7.8,-73.9510332,40.7708812
"607",607,2019-02-07,"Johnny's Pizzeria","Mount Vernon, NY",9.1,-73.839424,40.9176024
"608",608,2019-02-06,"Slice Downtown","Atlanta, GA",6.8,-84.3900603,33.756911
"609",609,2019-02-05,"Buckhead Pizza","Atlanta, GA",7.2,-84.369879,33.845802
"610",610,2019-02-04,"Cosmo's Original Little Ital...","Lawrenceville, GA",7.1,-83.9876398,33.9562443
"611",611,2019-02-01,"Piu Bello Buckhead","Atlanta, GA",5.9,-84.3749866,33.8463428
"612",612,2019-01-31,"Marcello's Pizza & Subs","Atlanta, GA",7.4,-117.328534,33.983329
"613",613,2019-01-30,"Mellow Mushroom","Alpharetta, GA",6.1,-84.2404207,34.093619
"614",614,2019-01-29,"Fellini's Pizza","Atlanta, GA",7.2,-84.3849703,33.8315673
"615",615,2019-01-28,"Antico Pizza","Atlanta, GA",8.3,-84.405632,33.7846488
"616",616,2019-01-24,"Enzo Bruni La Pizza Gourmet","New York, NY",7.6,-74.0008427,40.7190077
"617",617,2019-01-23,"Dani's House of Pizza","Kew Gardens, NY",7.4,-73.830536,40.708981
"618",618,2019-01-22,"Woodpecker Pizza Bar & Grill...","New York, NY",7.4,-73.9880074,40.7464289
"619",619,2019-01-21,"Costco","Clifton, NJ",1.9,-74.1367906,40.8314891
"620",620,2019-01-18,"Santillo's Brick Oven Pizza","Elizabeth, NJ",8.3,-74.2166257,40.6489809
"621",621,2019-01-17,"Friendly Gourmet Pizza","New York, NY",4.8,-74.0088627,40.7092384
"622",622,2019-01-16,"Upside Pizza","New York, NY",7.4,-73.9910487,40.7551355
"623",623,2019-01-15,"Santucci's Original Square P...","Philadelphia, PA",7.5,-75.1592238,39.9390309
"624",624,2019-01-14,"Lorenzo & Sons Pizza","Philadelphia, PA",6.5,-118.2729566,34.0287172
"625",625,2019-01-10,"Il Piccolo Bufalo","New York, NY",7.4,-73.9979012,40.7188558
"626",626,2019-01-09,"Made In New York Pizza","New York, NY",7.9,-73.9775697,40.7838392
"627",627,2019-01-08,"Mama Rosa Pizza and Pasta","Rutherford, NJ",6.6,-74.1139173,40.8366268
"628",628,2019-01-07,"Bill's Pizzeria Kitchen + Gr...","Hopkinton, MA",6.4,-71.520009,42.2290924
"629",629,2019-01-04,"Luna Ristorante","New York, NY",5.8,-73.9983502,40.7176706
"630",630,2019-01-03,"Da Gennaro","New York, NY",6.2,-73.9979519,40.7183616
"631",631,2019-01-02,"Steve's Pizza","Miami, FL",6.9,-80.164038,25.887755
"632",632,2018-12-28,"Lucali","Miami Beach, FL",8.1,-80.1439986,25.7952118
"633",633,2018-12-26,"Mister O1- South Beach","Miami Beach, FL",8.9,-80.139256,25.791632
"634",634,2018-12-21,"Riko's Pizza","Stamford, CT",8.2,-73.5184489,41.0893239
"635",635,2018-12-20,"Colony Grill","Stamford, CT",8.4,-73.5273516,41.0507436
"636",636,2018-12-19,"California Pizza Kitchen at ...","New York, NY",7.1,-73.86932,40.708282
"637",637,2018-12-18,"Johnny Pepperoni","Hoboken, NJ",7.6,-74.0296929,40.7501463
"638",638,2018-12-17,"Macchina","New York, NY",7.6,-73.9814139,40.7409157
"639",639,2018-12-14,"Brooklyn's Homeslice Pizzeri...","Brooklyn, NY",7.4,-73.9674607,40.6806956
"640",640,2018-12-13,"Da Nonna Rosa","Brooklyn, NY",7.5,-73.976928,40.672897
"641",641,2018-12-12,"Marta","New York, NY",7.1,-73.9845825,40.7444764
"642",642,2018-12-11,"Mario's Classic Pizza","Hoboken, NJ",7.2,-74.0302192,40.7462922
"643",643,2018-12-10,"La Rossa","New York, NY",4.8,-73.950351,40.776594
"644",644,2018-12-06,"BAR","New Haven, CT",7.4,-72.9304171,41.3060796
"645",645,2018-12-05,"Sally's Apizza","New Haven, CT",9.2,-72.9200592,41.3030662
"646",646,2018-12-04,"Frank Pepe Pizzeria Napoleta...","New Haven, CT",8.5,-72.9169419,41.3029876
"647",647,2018-12-03,"Modern Apizza","New Haven, CT",8.8,-72.9129578,41.3138712
"648",648,2018-11-30,"Tony Boloney's - Hoboken","Hoboken, NJ",6.8,-74.0343385,40.7379855
"649",649,2018-11-29,"Serafina Broadway","New York, NY",7.3,-73.9819469,40.7644023
"650",650,2018-11-28,"Loring Place","New York, NY",6.2,-73.9975837,40.7329277
"651",651,2018-11-27,"GoreMade Pizza","Columbus, OH",7.4,-82.9984714,39.9821568
"652",652,2018-11-26,"Margherita NYC","New York, NY",7.4,-73.9970211,40.7190305
"653",653,2018-11-23,"Eataly Boston","Boston, MA",6.7,-71.082505,42.34765
"654",654,2018-11-21,"Palermo's 95th","Oak Lawn, IL",6.8,-87.7425091,41.71981
"655",655,2018-11-20,"Armand's Pizzeria","Elmwood Park, IL",7.1,-87.8178414,41.9089072
"656",656,2018-11-19,"Geo's Pizza","Chicago, IL",7.1,-87.8062752,41.9322651
"657",657,2018-11-15,"Basile's Pizza","Hoboken, NJ",8.1,-74.0308571,40.7369733
"658",658,2018-11-14,"Bruno Pizza","New York, NY",6.8,-73.9873507,40.7323033
"659",659,2018-11-13,"Dona Bella Pizza","New York, NY",7.2,-74.0079738,40.7151451
"660",660,2018-11-12,"Stage Door Pizzeria","New York, NY",7.4,-74.0097029,40.712115
"661",661,2018-11-09,"Nicoletta Pizzeria","New York, NY",8.1,NA,NA
"662",662,2018-11-08,"Z Deli Pizzeria","New York, NY",3.1,-73.9869946,40.7614264
"663",663,2018-11-07,"Da Nico Ristorante","New York, NY",5.8,-73.9970643,40.7196823
"664",664,2018-11-06,"Pasquale Jones","New York, NY",7.3,-73.9968889,40.7211057
"665",665,2018-11-02,"Churchill Downs","Louisville, KY",0.2,-85.7723988,38.2037252
"666",666,2018-11-01,"10th Avenue Pizza & Cafe","New York, NY",6.9,-74.0031201,40.7487513
"667",667,2018-10-31,"Jekyll & Hyde","New York, NY",1.9,-81.4114142,31.0734919
"668",668,2018-10-30,"Joe's Pizza","New York, NY",8.3,-73.9869994,40.7546287
"669",669,2018-10-29,"Motorino","New York, NY",7.6,-73.973032,40.785687
"670",670,2018-10-26,"Biggie's Pizza - Jacksonvill...","Jacksonville Beach, FL",5.1,NA,NA
"671",671,2018-10-25,"Amtrak","New York, NY",0.1,-73.9195642,40.7808003
"672",672,2018-10-24,"Felcaro Pizzeria","Boston, MA",5.2,-71.068046,42.360957
"673",673,2018-10-23,"Florina Pizzeria & Paninotec...","Boston, MA",8.2,-71.063438,42.359537
"674",674,2018-10-22,"Lombardi's Pizza","New York, NY",8.1,-73.9956856,40.7215781
"675",675,2018-10-19,"Lucali","Brooklyn, NY",9.3,-74.0003184,40.681826
"676",676,2018-10-18,"Famous Ben's Pizza","New York, NY",8.1,-74.0024511,40.7249292
"677",677,2018-10-17,"Sal's Pizzeria","Brooklyn, NY",6.7,-73.9949734,40.6835679
"678",678,2018-10-16,"Neapolitan Express","New York, NY",7.2,-74.0097069,40.7068657
"679",679,2018-10-15,"Pizza House","Ann Arbor, MI",6.8,-83.734832,42.274307
"680",680,2018-10-12,"Backroom Pizza","Ann Arbor, MI",1.2,-83.734342,42.274698
"681",681,2018-10-11,"Vesta Wood Fired","East Rutherford, NJ",7.2,-74.0901477,40.8340806
"682",682,2018-10-10,"Frankie Boy's Pizza","New York, NY",4.8,-73.9878448,40.7521259
"683",683,2018-10-09,"Pazzo's Pizza Pub","Lexington, KY",6.5,-84.5037246,38.0418217
"684",684,2018-10-05,"PieTana","Lexington, KY",6.1,-84.5218686,38.0191258
"685",685,2018-10-04,"Pies & Pints - Lexington","Lexington, KY",7.8,-94.5060151,37.0699514
"686",686,2018-10-03,"Bravo Pizza","New York, NY",4.2,-73.992687,40.748464
"687",687,2018-10-02,"800 Degrees Woodfired Kitche...","New York, NY",5.8,-73.9844329,40.7476976
"688",688,2018-10-01,"1000 Degrees Neapolitan Pizz...","Boston, MA",6.8,-71.0590537,42.3592644
"689",689,2018-09-28,"Pie Pie Pizza","New York, NY",7.3,-73.9634633,40.7988929
"690",690,2018-09-27,"Big Slice of New York Pizza","New York, NY",4.1,-73.991403,40.739421
"691",691,2018-09-26,"Sauce Pizzeria","New York, NY",9.1,-73.9839514,40.7304367
"692",692,2018-09-25,"A Slice of New York","New York, NY",4.1,-121.9590056,37.3235028
"693",693,2018-09-24,"Little Italy Pizza","New York, NY",6.3,-73.9814849,40.7564807
"694",694,2018-09-21,"Mama's Pizzeria","New York, NY",6.9,-73.965284,40.800455
"695",695,2018-09-20,"Buchetta Brick Oven Pizza","New York, NY",6.7,-73.9673646,40.7987416
"696",696,2018-09-19,"Broadway Pizza & Restaurant","New York, NY",6.2,-89.1997399,36.5658404
"697",697,2018-09-18,"Cafe Viva","New York, NY",1.8,-73.9709191,40.7953888
"698",698,2018-09-17,"The New Park Tavern","East Rutherford, NJ",7.8,-74.100154,40.829124
"699",699,2018-09-14,"Bread & Tulips","New York, NY",7.1,-95.712891,37.09024
"700",700,2018-09-13,"Pizza Pete's","New York, NY",7.2,-73.9725922,40.7862402
"701",701,2018-09-12,"Sfila Pizza","New York, NY",7.7,-73.9856299,40.7677987
"702",702,2018-09-11,"Brooklyn Pizza Masters","New York, NY",8.5,-73.9630182,40.7586551
"703",703,2018-09-10,"Kinchley's Tavern","Ramsey, NJ",7.5,-74.1386839,41.0777161
"704",704,2018-09-07,"Pomodoro Ristorante & Pizzer...","New York, NY",4.2,-79.6815747,43.4623441
"705",705,2018-09-06,"Alla Pala","New York, NY",7.4,-73.9901771,40.7419709
"706",706,2018-09-05,"Jiannetto's Pizza Truck","STATEN ISLAND, NY",8.1,-74.0071612,40.7048454
"707",707,2018-09-01,"Georgio's Gourmet Pizza","Chicago, IL",1.1,-87.62919,41.903707
"708",708,2018-08-31,"Rico's Pizza","Gary, IN",3.2,-87.4039897,41.5736612
"709",709,2018-08-30,"Emporio","New York, NY",7.1,-73.9952212,40.7226243
"710",710,2018-08-29,"Gato","New York, NY",8.3,-73.9952599,40.7255794
"711",711,2018-08-28,"Roey's","New York, NY",7.4,-74.0009892,40.7359857
"712",712,2018-08-27,"Mama Mia's Restaurant","Saratoga Springs, NY",7.4,-73.7946332,43.0699458
"713",713,2018-08-24,"Caputo's Pizzeria","Saratoga Springs, NY",8.1,-73.7417013,43.0996616
"714",714,2018-08-23,"Marino's Pizza","Saratoga Springs, NY",6.1,-73.7904343,43.0757957
"715",715,2018-08-22,"Gennaro's Pizza Parlor","Saratoga Springs, NY",7.3,-73.77113,43.0912737
"716",716,2018-08-21,"Deli On Madison","New York, NY",6.1,-73.9764382,40.7569597
"717",717,2018-08-17,"Leonelli Bakery","New York, NY",2.1,-73.9869744,40.7439469
"718",718,2018-08-16,"Freddie & Pepper's","New York, NY",8.1,-84.7897996,43.5984898
"719",719,2018-08-15,"3 Giovani","New York, NY",7.7,-73.9983403,40.7290496
"720",720,2018-08-14,"Joe G Pizza & Restaurant","New York, NY",6.9,-73.983001,40.765643
"721",721,2018-08-13,"Bella Napoli","New York, NY",6.4,-73.9944725,40.7554594
"722",722,2018-08-09,"Village Pizza","New York, NY",6.9,-74.0031202,40.7392699
"723",723,2018-08-08,"Not Ray's Pizza","Brooklyn, NY",6.6,-73.9740813,40.6859822
"724",724,2018-08-07,"Pequod's Pizzeria","Chicago, IL",7.4,-87.6643512,41.921934
"725",725,2018-08-06,"Lou Malnati's Pizzeria","Chicago, IL",8.2,-87.6337174,41.8903416
"726",726,2018-08-03,"Gino's East - Magnificent Mi...","Chicago, IL",6.2,-87.6230528,41.8958861
"727",727,2018-08-02,"Giordano's","Chicago, IL",8.4,-87.6237612,41.8851301
"728",728,2018-08-01,"Naples 45 Ristorante E Pizze...","New York, NY",5.1,-73.9760338,40.7538191
"729",729,2018-08-01,"La Trattoria","New York, NY",6.8,-73.970671,40.7515735
"730",730,2018-07-31,"Primavera Pizza & Pasta","New York, NY",6.7,-74.2606566,40.8088668
"731",731,2018-07-27,"Rocco's Pizzeria","Vineyard Haven, MA",6.9,-70.5989725,41.4521663
"732",732,2018-07-26,"Slice Of Edgartown","Edgartown, MA",3.8,-70.5114599,41.3893312
"733",733,2018-07-25,"Isola","Edgartown, MA",6.1,-70.5144854,41.3907861
"734",734,2018-07-24,"Chilmark General Store","Chilmark, MA",6.6,-70.7450719,41.3420746
"735",735,2018-07-23,"Giordano's Restaurant","Oak Bluffs, MA",6.8,-70.5571973,41.4571196
"736",736,2018-07-19,"Fusaro's","Nantucket, MA",7.4,-70.0858084,41.2683879
"737",737,2018-07-18,"Baldie's Pizza & Subs","Lakeville, MA",6.2,-70.9260418,41.8740896
"738",738,2018-07-18,"Muse Pizza","Nantucket, MA",5.9,-70.099926,41.2670257
"739",739,2018-07-13,"Moto Pizza","Sandwich, MA",6.2,-70.5059154,41.7668251
"740",740,2018-07-11,"Joey's Pizzeria","Dennis Port, MA",7.3,-70.1406451,41.6573203
"741",741,2018-07-09,"Sophie T's Pizza","Nantucket, MA",7.2,-70.0919444,41.2730556
"742",742,2018-07-09,"Oath Pizza - East 67th Stree...","New York, NY",6.5,-73.9632996,40.7664107
"743",743,2018-06-28,"PQR","New York, NY",6.1,-73.952629,40.7771534
"744",744,2018-06-28,"Vinnie's Pizzeria","New York, NY",7.1,-73.9533145,40.7761966
"745",745,2018-06-27,"Marinara Pizza - Midtown Eas...","New York, NY",7.3,-73.9644304,40.7565443
"746",746,2018-06-27,"The Woodstock","New York, NY",7.4,-74.0075792,40.7416984
"747",747,2018-06-26,"SIMÒ PIZZA","New York, NY",6.8,-74.0087429,40.7392955
"748",748,2018-06-20,"Bocce USQ","New York, NY",7.8,-73.9899127,40.7364501
"749",749,2018-06-19,"Black Square Pizza","New York, NY",6.2,-74.0049376,40.7409401
"750",750,2018-06-19,"Café Crust","Southampton, NY",7.2,-72.4264941,40.8919774
"751",751,2018-06-19,"Francesca's","Hampton Bays, NY",6.3,-72.5227573,40.877882
"752",752,2018-06-19,"Prova Pizzabar","New York, NY",7.4,-73.9893607,40.7522809
"753",753,2018-06-13,"Pepe Giallo","New York, NY",7.7,-74.0050015,40.7468833
"754",754,2018-06-13,"Don Antonio","New York, NY",6.4,-73.9866647,40.7626548
"755",755,2018-06-12,"Ceci Italian Cuisine","New York, NY",6.2,-73.9811513,40.7566996
"756",756,2018-06-11,"Corner Slice","New York, NY",7.2,-73.9967905,40.7625438
"757",757,2018-06-07,"Mani In Pasta","New York, NY",6.9,-73.9851719,40.7326654
"758",758,2018-06-07,"Il Corallo Trattoria","New York, NY",7.1,-74.0018817,40.7261528
"759",759,2018-06-05,"Zero Otto Nove","New York, NY",7.2,-73.9915684,40.7408377
"760",760,2018-06-01,"BD PIZZA","New York, NY",0,-73.987584,40.721068
"761",761,2018-05-31,"La Margarita","New York, NY",8,-73.9875649,40.7214573
"762",762,2018-05-30,"Stanton Street Pizza","New York, NY",2.4,-73.986686,40.720754
"763",763,2018-05-29,"Melani Pizzeria","New York, NY",6.8,-73.984607,40.719141
"764",764,2018-05-23,"Frank's Trattoria","New York, NY",7.8,-73.979347,40.7360793
"765",765,2018-05-22,"Little Vincent's Pizza","Huntington, NY",6.8,-73.4264916,40.8710053
"766",766,2018-05-18,"Louie's Pizza","Woburn, MA",7.5,-71.1501599,42.4709662
"767",767,2018-05-16,"Rinas Pizzeria & Cafe","Boston, MA",6.7,-71.0530996,42.3648833
"768",768,2018-05-15,"Galleria Umberto","Boston, MA",6.6,-71.0542803,42.3637083
"769",769,2018-05-14,"Ducali Pizzeria & Bar","Boston, MA",7.7,-71.058068,42.3670857
"770",770,2018-05-11,"Lions & Tigers & Squares Det...","New York, NY",7.1,-82.8357878,38.5721582
"771",771,2018-05-10,"Famous Amadeus Pizza","New York, NY",5.7,-73.9948846,40.7498209
"772",772,2018-05-08,"Follia NYC","New York, NY",7.2,-73.9855947,40.7349386
"773",773,2018-05-07,"L'industrie Pizzeria","Brooklyn, NY",7.9,-73.9578691,40.7116053
"774",774,2018-05-02,"Zia Maria - Chelsea","New York, NY",7.1,-73.9993382,40.7454027
"775",775,2018-05-01,"Joe & Pat's Pizzeria","New York, NY",8.4,-95.7946101,36.07331
"776",776,2018-04-27,"Emmett's","New York, NY",7.8,-74.0024778,40.7273085
"777",777,2018-04-24,"The Original Goodfella's Bri...","Staten Island, NY",6.8,-74.0914965,40.5868017
"778",778,2018-04-23,"Lee's Tavern","Staten Island, NY",7.9,-74.0951856,40.5887494
"779",779,2018-04-19,"Pomodoro Pizza","New York, NY",4.2,-73.9939442,40.7562617
"780",780,2018-04-18,"Benny Tudino's Pizzeria","Hoboken, NJ",6.8,-74.029153,40.744232
"781",781,2018-04-17,"Napoli's Pizza","Hoboken, NJ",7.4,-74.0271593,40.7507429
"782",782,2018-04-13,"Hawthorne's NY Pizza & Bar","Charlotte, NC",6.4,-80.821622,35.21582
"783",783,2018-04-11,"42nd Street Restaurant and P...","New York, NY",5.4,-74.0001592,40.7619013
"784",784,2018-04-10,"Best Pizza","Brooklyn, NY",9.1,-73.9534794,40.7156194
"785",785,2018-04-09,"Pizza Rollio","New York, NY",6.6,-73.974275,40.76422
"786",786,2018-04-06,"Ralph's Pizzeria","Nutley, NJ",8.9,-74.1531269,40.8249129
"787",787,2018-04-06,"Posto","New York, NY",6.8,NA,NA
"788",788,2018-04-02,"Bricco Ristorante Italiano","New York, NY",6.8,-73.984004,40.766099
"789",789,2018-04-01,"Julian's Italian Pizzeria & ...","San Antonio, TX",7.9,-98.4198591,29.5981634
"790",790,2018-03-31,"Big Lou's Pizza","San Antonio, TX",4.8,-98.4039018,29.3941929
"791",791,2018-03-30,"Pizzarita's","San Antonio, TX",5.5,-98.4900999,29.4247988
"792",792,2018-03-29,"Martina Pizzeria","New York, NY",7.9,-73.9885105,40.7311004
"793",793,2018-03-27,"Patzeria Perfect Pizza","New York, NY",5,-73.986756,40.759458
"794",794,2018-03-26,"L'Amico NYC","New York, NY",7.2,-73.9899551,40.7473083
"795",795,2018-03-24,"Bonanno's New York Pizzeria","Las Vegas, NV",3.2,-115.3325788,36.1491431
"796",796,2018-03-24,"Bonanno's New York Pizzeria","Las Vegas, NV",3.2,-115.3325788,36.1491431
"797",797,2018-03-23,"Il Mattone West Village","New York, NY",7.9,-74.0065106,40.7312196
"798",798,2018-03-20,"La Pizza Fresca Ristorante","New York, NY",7.1,-73.988895,40.739047
"799",799,2018-03-19,"Massoni","New York, NY",6.8,-73.984947,40.74636
"800",800,2018-03-18,"Bravo Pizza","New York, NY",8.3,-73.992687,40.748464
"801",801,2018-03-15,"Ovest Pizzoteca by Luzzo's","New York, NY",6.9,-74.0030219,40.7507508
"802",802,2018-03-14,"Full Moon Pizzeria","Bronx, NY",6.2,-73.8875914,40.8553028
"803",803,2018-03-13,"Pugsley's Pizza","Bronx, NY",7.7,-73.8848173,40.8587496
"804",804,2018-03-12,"Williamsburg Pizza","Brooklyn, NY",8.6,-73.9508808,40.708129
"805",805,2018-03-09,"99 Cent Fresh Pizza","New York, NY",4.9,-73.9743279,40.7517315
"806",806,2018-03-07,"Evel Pie","Las Vegas, NV",5.9,-115.1400789,36.1692398
"807",807,2018-03-01,"Nino's 46","New York, NY",6.9,-73.9806433,40.7568317
"808",808,2018-02-26,"La Gusto Pizza","New York, NY",3.2,-73.995418,40.749044
"809",809,2018-02-23,"Cheesy Pizza","New York, NY",6.1,-73.9695837,40.7972122
"810",810,2018-02-22,"Sal & Carmine's Pizza","New York, NY",7.2,-22.9297109,16.7266152
"811",811,2018-02-21,"MAMA'S TOO!","New York, NY",6.8,-73.9675901,40.8008324
"812",812,2018-02-20,"Bond 45","New York, NY",6.5,-73.9930806,40.7258569
"813",813,2018-02-19,"Casa D'amici","Morgantown, WV",6.5,-79.9542123,39.6319501
"814",814,2018-02-16,"Pizza Al's","Morgantown, WV",6.4,-79.9648971,39.6501013
"815",815,2018-02-15,"Colasante's Ristorante & Pub","Morgantown, WV",6.6,-79.9713004,39.6343659
"816",816,2018-02-14,"Love & Dough","DUMBO, NY",7.5,-96.9992549,37.2404115
"817",817,2018-02-13,"Patsy's Pizzeria","New York, NY",8.6,-73.9721923,40.7503604
"818",818,2018-02-12,"Louie & Ernie's Pizza","Bronx, NY",7.8,-97.0587931,36.1137765
"819",819,2018-02-09,"Pizza Barn","Yonkers, NY",7.2,-73.8675658,40.9203736
"820",820,2018-02-07,"Mama's Pizza","Saint Paul, MN",7.5,-93.1061325,44.9703407
"821",821,2018-02-06,"Dulono's Sports Bar","Minneapolis, MN",6.3,-93.272997,44.9819699
"822",822,2018-02-05,"Cheetah Pizza","Edina, MN",3.4,-93.3540938,44.8633755
"823",823,2018-02-04,"Fat Lorenzo's","Minneapolis, MN",4.1,-93.2476934,44.9008354
"824",824,2018-02-03,"Red's Savoy Pizza","Minneapolis, MN",7.1,-93.3474446,44.8645058
"825",825,2018-02-02,"Frank From Philly & Andrea P...","Minneapolis, MN",6.3,-93.2372679,44.9813069
"826",826,2018-02-01,"Young Joni","Minneapolis, MN",7.6,-93.266725,45.0010473
"827",827,2018-01-31,"Cossetta Alimentari","Saint Paul, MN",6.8,-93.1042605,44.9436768
"828",828,2018-01-30,"Pizza Luce","Minneapolis, MN",5.3,-93.2736619,44.9817859
"829",829,2018-01-29,"Football Pizza","Minneapolis, MN",6.8,-93.247027,45.012025
"830",830,2018-01-25,"Star Tavern","Orange, NJ",7.1,-74.225542,40.783212
"831",831,2018-01-24,"LA Traviata Pizzeria","New York, NY",5.4,-73.9809475,40.7751046
"832",832,2018-01-23,"Percy's Pizza","New York, NY",6.1,-74.0014201,40.7291702
"833",833,2018-01-22,"Pizza Land","North Arlington, NJ",7.6,-74.137994,40.7815993
"834",834,2018-01-19,"Little Italy Pizza","New York, NY",4.2,-73.9814849,40.7564807
"835",835,2018-01-18,"Re Sette","New York, NY",7.1,-73.980008,40.7557106
"836",836,2018-01-17,"B & W Deli & Pizzeria","New York, NY",6.2,-95.6390221,37.057223
"837",837,2018-01-15,"Mediterraneo Restaurant","New York, NY",5.8,-73.9608071,40.7650482
"838",838,2018-01-12,"La Bellezza Pizza","New York, NY",7.1,-73.9721884,40.7557037
"839",839,2018-01-11,"Tre Sorelle","New York, NY",6.7,-74.006577,40.714805
"840",840,2018-01-10,"Rubby's Pizzeria","New York, NY",1.2,-73.9886059,40.7687762
"841",841,2018-01-09,"Justino's Pizzeria","New York, NY",3.4,-73.9886055,40.769565
"842",842,2018-01-08,"Casabianca Pizzeria","New York, NY",6.8,-73.9888845,40.7694782
"843",843,2018-01-04,"Sottosuolo NYC","New York, NY",6.3,-73.9835838,40.7422493
"844",844,2018-01-03,"Mariella Pizza","New York, NY",6.9,-73.96287,40.769162
"845",845,2018-01-02,"Bella Blu","New York, NY",7.2,-73.9628197,40.7692221
"846",846,2017-12-20,"John & Tony's","New York, NY",6.7,-95.6393167,37.0412191
"847",847,2017-12-14,"Angelo's  Pizza","Princeton, WV",5.5,-81.0955841,37.3623164
"848",848,2017-12-12,"Il Forno Pizza","New York, NY",6.3,-73.9886931,40.7591098
"849",849,2017-12-11,"Scarr's Pizza","New York, NY",7.7,-73.99141,40.715337
"850",850,2017-12-08,"Double Zero","New York, NY",8.5,-73.9898062,40.7261083
"851",851,2017-12-06,"Buca di Beppo Italian Restau...","New York, NY",1.2,-73.9852157,40.7579198
"852",852,2017-12-05,"Solo Pizza","New York, NY",6.1,-73.9829462,40.7222599
"853",853,2017-11-30,"Stone Bridge Pizza & Salad","New York, NY",7.2,-73.9806573,40.7522841
"854",854,2017-11-29,"Famous Pizza","New York, NY",1.8,-73.9868005,40.744636
"855",855,2017-11-28,"Sorbillo Pizzeria","New York, NY",7.1,-73.992295,40.726054
"856",856,2017-11-27,"New York Sal's Pizza","New York, NY",7.1,-73.992114,40.763727
"857",857,2017-11-20,"Gnocco","New York, NY",7.4,-73.980247,40.727156
"858",858,2017-11-17,"5 Boroughs Pizza","New York, NY",3.4,-74.0048849,40.7213181
"859",859,2017-11-16,"Steve's Pizza","New York, NY",2.2,-74.0702525,41.9694139
"860",860,2017-11-15,"Majestic Pizza and Calzones","New York, NY",7.1,-74.010315,40.710071
"861",861,2017-11-13,"Serafina Meatpacking","New York, NY",7.8,-74.006657,40.739633
"862",862,2017-11-10,"Joe's Pizza","New York, NY",8.5,-73.9869994,40.7546287
"863",863,2017-11-10,"B Side Pizza & Wine Bar","New York, NY",6.3,-73.9881729,40.763865
"864",864,2017-11-03,"Bronx Pizza","San Diego, CA",8.1,-117.1634461,32.7497524
"865",865,2017-11-02,"Filippis Pizza Grotto Pacifi...","San Diego, CA",6.7,-117.2523666,32.7974418
"866",866,2017-11-01,"Vito's Pizza","Santa Monica, CA",8.2,-118.475521,34.0326434
"867",867,2017-10-31,"Joe's Pizza","Santa Monica, CA",8.3,-118.496199,34.0131504
"868",868,2017-10-27,"Francesco's Pizzeria","New York, NY",8.1,-73.980691,40.775197
"869",869,2017-10-26,"Cafe 28","New York, NY",2.1,-73.9871984,40.7445413
"870",870,2017-10-25,"Daniela Trattoria","New York, NY",3.6,-73.9880362,40.7592446
"871",871,2017-10-24,"Italian Village Pizzeria","New York, NY",7.7,-73.952991,40.771445
"872",872,2017-10-23,"Barilla Restaurants","New York, NY",6.2,-73.979186,40.760711
"873",873,2017-10-20,"La Mia Pizza","New York, NY",6.7,-73.950917,40.774359
"874",874,2017-10-19,"Brier Hill Pizza & Wings","Youngstown, OH",7,-80.6715317,41.1280414
"875",875,2017-10-18,"Avalon Downtown Pizzeria","Youngstown, OH",7.1,-80.6502324,41.1002722
"876",876,2017-10-17,"Bruno Bros Pizza","Austintown, OH",6.4,-80.7661045,41.0984497
"877",877,2017-10-16,"Belleria Pizzeria","Youngstown, OH",6.8,-80.6407992,41.1103673
"878",878,2017-10-14,"Wedgewood Fernando's Pizza -...","Youngstown, OH",7.2,-80.6361667,41.036
"879",879,2017-10-12,"Adoro Lei","New York, NY",7.8,-74.0078786,40.7255997
"880",880,2017-10-11,"Covina","New York, NY",5.6,-73.9833905,40.7423507
"881",881,2017-10-09,"Umberto's Pizzeria & Restaur...","New Hyde Park, NY",8.6,-95.940059,36.1171722
"882",882,2017-10-07,"Cottage Inn Pizza","Ann Arbor, MI",3.1,-83.7370509,42.2907284
"883",883,2017-10-06,"New York Pizza Depot","Ann Arbor, MI",5.4,-83.741775,42.2779972
"884",884,2017-10-05,"Buddy's Pizza - Dearborn","Dearborn, MI",7.6,-83.2472448,42.3058398
"885",885,2017-10-03,"&pizza - NoMad","New York, NY",6.3,NA,NA
"886",886,2017-10-03,"&pizza - Astor Place","New York, NY",6.3,NA,NA
"887",887,2017-10-02,"Company","New York, NY",7.2,-73.992042,40.753615
"888",888,2017-09-30,"Benny Marzano's","Blacksburg, VA",7.1,-80.4152693,37.2294523
"889",889,2017-09-28,"Bazbeaux Pizza","Indianapolis, IN",5.1,-86.1534837,39.7716322
"890",890,2017-09-27,"Goodfellas Pizzeria","Indianapolis, IN",8.1,-86.1495484,39.774472
"891",891,2017-09-26,"Napolese Pizzeria","Indianapolis, IN",4.1,-86.154172,39.842826
"892",892,2017-09-25,"Empire Slice House","Oklahoma City, OK",7.5,-97.5414185,35.4858647
"893",893,2017-09-24,"Wig & Pen Pizza Pub","Iowa City, IA",7.1,-94.526016,37.084558
"894",894,2017-09-23,"Casey's","Coralville, IA",5.2,-91.5905825,41.6796236
"895",895,2017-09-22,"Nick's Pizza","New York, NY",6.6,-73.9478073,40.7827162
"896",896,2017-09-20,"Girello","New York, NY",6.9,-74.0070307,40.71961
"897",897,2017-09-19,"Fenway Park","Boston, MA",2.4,-71.0972178,42.3466764
"898",898,2017-09-18,"The Original Impellizeri's P...","Louisville, KY",5.8,-85.711885,38.233613
"899",899,2017-09-16,"Bearno's By the Bridge","Louisville, KY",6.4,-85.7530491,38.2564475
"900",900,2017-09-15,"The Post","Louisville, KY",0.2,-85.7354255,38.2276712
"901",901,2017-09-14,"Vapiano","New York, NY",5.2,-73.9921729,40.7343598
"902",902,2017-09-13,"Rock Pizza Scissors","New York, NY",7.9,-73.9871555,40.7444051
"903",903,2017-09-12,"Sicilia Fine Italian Special...","Columbus, OH",6.9,-83.0083154,40.005109
"904",904,2017-09-11,"Adriatico's New York Style P...","Columbus, OH",5.4,-83.0142158,39.9945199
"905",905,2017-09-09,"The O Patio & Pub","Columbus, OH",6.4,-83.0078532,40.0003256
"906",906,2017-09-08,"Leone's Pizza","Columbus, OH",7.8,-82.9987793,40.0743217
"907",907,2017-09-07,"Regina Pizza","Boston, MA",9.1,-71.056877,42.3654289
"908",908,2017-09-06,"Industry Kitchen","New York, NY",0,-74.0048585,40.7048171
"909",909,2017-09-05,"Va Bene","New York, NY",6.4,-73.9535776,40.775657
"910",910,2017-08-31,"Ciao Vineria con Cucina","New York, NY",7.7,-73.996621,40.720664
"911",911,2017-08-30,"Sal's Little Italy","New York, NY",8.1,-73.9966188,40.7205409
"912",912,2017-08-29,"Encore Beach Club","Las Vegas, NV",1.4,-115.1660531,36.1293451
"913",913,2017-08-28,"Pizza Rock","Las Vegas, NV",7.3,-115.1422778,36.1716049
"914",914,2017-08-25,"Naked City Pizza Shop","Las Vegas, NV",5.6,-115.1512002,36.1060174
"915",915,2017-08-24,"Moneyline Pizza & Bar","Las Vegas, NV",6.2,-115.1781703,36.1069373
"916",916,2017-08-21,"Lil Frankie's","New York, NY",8.5,-73.9884794,40.7236464
"917",917,2017-08-17,"Oath Pizza - Nantucket","Nantucket, MA",9.3,-70.0944579,41.284708
"918",918,2017-08-11,"Speedy Romeo","New York, NY",8.3,-73.96,40.6875
"919",919,2017-08-10,"Tavola","New York, NY",6.3,-73.9945165,40.7554026
"920",920,2017-08-09,"Sacco Pizza","New York, NY",8.1,-73.987249,40.766272
"921",921,2017-08-08,"New Park Pizza","Howard Beach, NY",7.8,-73.8403931,40.6627388
"922",922,2017-08-07,"Pies on Wheels","Saratoga Springs, NY",6.5,-73.5082343,40.6718206
"923",923,2017-08-04,"Nove Italian Restaurant","Gansevoort, NY",8.6,-73.7698837,43.1359125
"924",924,2017-08-01,"Song E Napule","New York, NY",7.7,-74.0018494,40.7281815
"925",925,2017-07-31,"La Vera Pizzeria & Restauran...","New York, NY",6.2,-120.438548,34.9510481
"926",926,2017-07-27,"Manhattan Brick Oven Pizza","New York, NY",7.9,-73.978312,40.745077
"927",927,2017-07-26,"Ben's Pizzeria","New York, NY",5.4,-74.000324,40.730392
"928",928,2017-07-25,"Emily - West Village","New York, NY",7.2,-74.0038588,40.7293737
"929",929,2017-07-24,"Numero 28 Pizzeria - West Vi...","New York, NY",8.2,-74.0027979,40.7301133
"930",930,2017-07-20,"310 Bowery Bar","New York, NY",8.1,-73.9926128,40.724951
"931",931,2017-07-18,"Rubirosa","New York, NY",8.1,-73.9962025,40.7227471
"932",932,2017-07-17,"Alphonso's Pizzeria & Tratto...","New York, NY",6.2,-73.900771,40.930849
"933",933,2017-07-13,"Rizzo's Fine Pizza","New York, NY",8.6,-73.9150778,40.7633694
"934",934,2017-07-12,"WILD","New York, NY",4.1,-74.0063421,40.7346688
"935",935,2017-07-11,"Norma","New York, NY",7.8,-73.9799614,40.743523
"936",936,2017-07-10,"Rossetti's Pizza","New York, NY",6.2,-74.0024778,40.7273085
"937",937,2017-07-07,"Big Nick's Burger & Pizza Jo...","New York, NY",4.2,-73.9790728,40.7764537
"938",938,2017-07-06,"Cafe Fiorello","New York, NY",7.2,-73.9817721,40.7716149
"939",939,2017-06-28,"Angelo Bellini","New York, NY",5.7,-73.968488,40.757136
"940",940,2017-06-27,"Merilu Pizza Al Metro","New York, NY",8.2,-73.9880266,40.7652541
"941",941,2017-06-26,"Black Sheep Pizza - Minneapo...","Minneapolis, MN",8.3,-93.2758789,44.9871978
"942",942,2017-06-23,"F & M Slice Pizza","New York, NY",0.2,-95.7287127,37.2556461
"943",943,2017-06-22,"Yankee Pizza","New York City, NY",4.8,-73.977258,40.7267061
"944",944,2017-06-21,"Farinella Bakery Pizza","New York, NY",6.2,-73.959267,40.774736
"945",945,2017-06-20,"Capizzi","New York, NY",7.1,-73.9936447,40.7574821
"946",946,2017-06-19,"Patsy's Pizzeria","New York, NY",8.6,-73.9721923,40.7503604
"947",947,2017-06-16,"Pasta Lovers","New York, NY",4.8,-73.9829857,40.7599256
"948",948,2017-06-15,"Radio City Pizza","New York, NY",6.1,-73.9829873,40.7600622
"949",949,2017-06-14,"Saluggi's","New York, NY",8.2,-74.003582,40.720102
"950",950,2017-06-13,"Picciotto NYC","New York, NY",8.4,-73.9791144,40.7556406
"951",951,2017-06-12,"Borrelli's","East Meadow, NY",7.9,-73.5777947,40.7225442
"952",952,2017-06-09,"Saba's Pizza Upper East","New York, NY",8.4,-73.9572283,40.7770368
"953",953,2017-06-08,"Carve","New York, NY",4.1,-73.9873322,40.7602729
"954",954,2017-06-07,"Kesté Pizza & Vino","New York, NY",6.4,-74.0048911,40.7092474
"955",955,2017-06-06,"Claudio Pizzeria","New York, NY",6.4,-73.994657,40.760378
"956",956,2017-06-05,"Nizza","New York, NY",6.8,-73.9912338,40.759987
"957",957,2017-06-02,"Olio e Piú","New York, NY",5.2,-73.9997927,40.7337945
"958",958,2017-06-01,"Regina Pizzeria","Mashantucket, CT",6.4,-71.9598585,41.4719164
"959",959,2017-05-31,"Pecorino","New York, NY",7.4,-73.9682485,40.7549194
"960",960,2017-05-30,"Fiore's Pizza","New York, NY",7,-74.000013,40.7288479
"961",961,2017-05-26,"Intrepid Summer Movie Series","New York, NY",2.7,-73.9996076,40.7645266
"962",962,2017-05-25,"Muzzarella Pizza","New York, NY",6.6,-73.9807077,40.7302353
"963",963,2017-05-24,"Arturo's","New York, NY",7.9,-73.9477086,40.7754226
"964",964,2017-05-23,"Picasso Pizza","New York, NY",4.2,-74.0164692,40.7103852
"965",965,2017-05-22,"Baker's Pizza","New York, NY",7.3,-73.9812975,40.729432
"966",966,2017-05-17,"Sutton Pizzeria","New York, NY",6.3,-73.9601575,40.7618037
"967",967,2017-05-17,"Halftime Pizza","Boston, MA",9.2,-71.0615271,42.3650917
"968",968,2017-05-16,"John's of Times Square","New York, NY",8.4,-73.988342,40.7582366
"969",969,2017-05-15,"Pizza Park","New York, NY",4,-73.958677,40.764447
"970",970,2017-05-12,"Cafe Daniello's","New York, NY",8.1,-73.9653527,40.7587907
"971",971,2017-05-11,"Kiss My Slice","New York, NY",7.1,-73.990467,40.755706
"972",972,2017-05-09,"Sofia Pizza Shoppe","New York, NY",7.9,-73.9643508,40.7566759
"973",973,2017-05-04,"IPizzaNY","New York, NY",2.1,-73.9529069,40.8110984
"974",974,2017-05-03,"Uncle Mario's Brick Oven Piz...","New York, NY",7.1,-73.9891893,40.7634874
"975",975,2017-05-02,"Pranzo Pizza & Pasta","New York, NY",5.9,-74.0101127,40.7036301
"976",976,2017-05-01,"The Grotto Pizzeria & Ristor...","New York, NY",3.3,-122.7879292,42.2449778
"977",977,2017-04-28,"Neapolitan Express","New York, NY",8.1,-74.0097069,40.7068657
"978",978,2017-04-27,"Phil's Pizza","New York, NY",7.7,-74.0050011,40.7291474
"979",979,2017-04-26,"Snacks","Las Vegas, NV",5,-115.1764835,36.1132823
"980",980,2017-04-26,"Georgio Pizzeria","New York, NY",6.4,-74.0123134,40.7048238
"981",981,2017-04-25,"Da Vinci Pizza","New York, NY",2.5,-74.0100798,40.7035851
"982",982,2017-04-24,"Pizza Gaga","New York, NY",0.9,-73.9952486,40.7441545
"983",983,2017-04-21,"Adrienne's Pizzabar","New York, NY",4.8,-74.0100646,40.7042941
"984",984,2017-04-20,"Open Market","New York, NY",0.1,-74.010183,40.705309
"985",985,2017-04-19,"Santarpio's Pizza","Boston, MA",8.2,-71.035272,42.372665
"986",986,2017-04-18,"Cucina Bene","New York, NY",7.1,-74.010097,40.705987
"987",987,2017-04-17,"Underground Pizza","New York, NY",5.9,-74.0097251,40.7049516
"988",988,2017-04-14,"Justino's Pizzeria","New York, NY",7.4,-73.9886055,40.769565
"989",989,2017-04-12,"Highline Pizzeria","New York, NY",1.7,-74.0022306,40.7510941
"990",990,2017-04-11,"Luigi's Gourmet Grill","New York, NY",8.1,-73.983421,40.7655549
"991",991,2017-04-10,"Mariella Pizza","New York, NY",3.7,-73.96287,40.769162
"992",992,2017-04-08,"Pizza Hut","Augusta, GA",0,-82.0651084,33.424005
"993",993,2017-04-05,"Pizza Joint","Augusta, GA",6.6,-81.9733944,33.4786389
"994",994,2017-04-03,"Rose's Pizza","New York, NY",8.1,-73.9907092,40.7504175
"995",995,2017-03-31,"Coppola's East","New York, NY",4.2,-73.981536,40.741651
"996",996,2017-03-29,"Patrizia's Pizza and Pasta","New York, NY",7.9,-73.9791031,40.7399139
"997",997,2017-03-27,"XS Nightclub","Las Vegas, NV",7.8,-115.1648303,36.1271069
"998",998,2017-03-23,"Secret Pizza","Las Vegas, NV",3.4,-115.174212,36.109837
"999",999,2017-03-21,"Slice","New York, NY",6.2,-73.9952266,40.7501505
"1000",1000,2017-03-20,"Previti Pizza","New York, NY",4.9,-73.9767973,40.7510051
"1001",1001,2017-03-17,"Aperitivo Pizza Bar","New York, NY",6.8,-73.9717568,40.7643025
"1002",1002,2017-03-15,"Don Giovanni Ristorante","New York, NY",4.6,-74.0041983,40.7473192
"1003",1003,2017-03-14,"Champion Pizza","New York, NY",8.1,-73.9939151,40.7359258
"1004",1004,2017-03-13,"Pisa Pizza","New York, NY",8.1,-73.8881489,40.7011542
"1005",1005,2017-03-09,"Brunetti Pizza","New York, NY",8.2,-74.005377,40.738268
"1006",1006,2017-03-08,"Grimaldi's Pizzeria","Brooklyn, NY",8,-73.99324,40.702583
"1007",1007,2017-03-07,"Pizza Mercato","New York, NY",2.1,-73.994077,40.730149
"1008",1008,2017-03-06,"Juliana's","Brooklyn, NY",6.9,-73.9934349,40.7027467
"1009",1009,2017-03-03,"Fox's Pizza Den","Charleston, WV",1.2,-81.6200561,38.3469696
"1010",1010,2017-03-02,"Ignazio's","Brooklyn, NY",8.7,-73.99372,40.7031647
"1011",1011,2017-03-01,"L & B Spumoni Gardens","Brooklyn, NY",7.4,-95.7066854,37.2244638
"1012",1012,2017-02-28,"Di Fara Pizza","Brooklyn, NY",9.4,-73.9615228,40.6250267
"1013",1013,2017-02-27,"Belmora Pizza & Restaurant","New York, NY",6.4,-73.9687267,40.7610107
"1014",1014,2017-02-23,"Pizza By Certé","New York, NY",6.6,-73.9769,40.763068
"1015",1015,2017-02-22,"My Pie Pizzeria Romana","New York, NY",4.3,-73.969433,40.7607988
"1016",1016,2017-02-15,"Pizza Da Solo","New York, NY",7.8,-73.9639584,40.6251617
"1017",1017,2017-02-14,"Teresa's Brick Oven Pizza & ...","New York, NY",7.3,-73.9784469,40.7600364
"1018",1018,2017-02-13,"Royal Pizza","New York, NY",7.5,-73.9082097,40.6997929
"1019",1019,2017-02-09,"Harry's Italian Pizza Bar","New York, NY",7.3,-73.978999,40.7591038
"1020",1020,2017-02-08,"Kiss My Slice","New York, NY",6.3,-73.990467,40.755706
"1021",1021,2017-01-27,"Sparky's Pizzeria and Grill","Jackson, TN",7.2,-88.779541,35.6735839
"1022",1022,2017-01-26,"D Napoli Pizza","New York, NY",5.2,-73.9689889,40.7588395
"1023",1023,2017-01-24,"Cassiano's","New York, NY",6.6,-73.9682991,40.7595501
"1024",1024,2017-01-23,"Uncle Paul's Pizza","New York, NY",5.1,-73.9768744,40.7546824
"1025",1025,2017-01-20,"Gotham Pizza","New York, NY",6.9,-74.003031,40.7438893
"1026",1026,2017-01-19,"Luigi's Pizza","New York, NY",8.4,-73.993388,40.661655
"1027",1027,2017-01-18,"Giuseppe's Pizza","New York, NY",6.2,-73.97701,40.749681
"1028",1028,2017-01-17,"Pazza Notte","New York, NY",4.8,-73.9780919,40.7634758
"1029",1029,2017-01-16,"Angelo's Coal Oven Pizzeria","New York, NY",9.3,-73.9779745,40.7648918
"1030",1030,2017-01-13,"Bella Vita Pizzeria","New York, NY",5.8,-73.9974059,40.7197962
"1031",1031,2017-01-12,"PizzArte","New York, NY",8.1,-73.9774359,40.7629224
"1032",1032,2017-01-11,"Pizzeria Trentatre","New York, NY",6.4,-73.9829774,40.7470305
"1033",1033,2017-01-10,"Little Gio's Pizza","New York, NY",5.9,-73.9877977,40.7236891
"1034",1034,2017-01-09,"Rosario's Pizza","New York, NY",5.1,-73.9886102,40.7215687
"1035",1035,2017-01-06,"Proto's Pizza","New York, NY",7.2,-73.98979,40.725388
"1036",1036,2017-01-05,"Pizza Italia","New York, NY",4.2,-74.0014347,40.7419164
"1037",1037,2017-01-04,"Joe's Pizza","New York, NY",7.8,-73.9869994,40.7546287
"1038",1038,2017-01-03,"Café Muse","New York, NY",0,-73.9874778,40.7481797
"1039",1039,2016-12-22,"Mike's Pizza","New York, NY",7.7,-73.9806841,40.7385388
"1040",1040,2016-12-21,"Prince Street Pizza","New York, NY",8.6,-73.994528,40.723084
"1041",1041,2016-12-20,"Nick's Pizza Bar","New York, NY",6.9,-73.9813576,40.7409433
"1042",1042,2016-12-19,"La Bellezza","New York, NY",7.8,-73.9721884,40.7557037
"1043",1043,2016-12-16,"Denino's Greenwich Village","New York, NY",9,-74.0011852,40.7294021
"1044",1044,2016-12-15,"Rocky's Number II","New York, NY",2.8,-73.976391,40.744398
"1045",1045,2016-12-14,"Garlic New York Pizza Bar","New York, NY",6.8,-73.9758937,40.7451736
"1046",1046,2016-12-13,"Pronto Pizza","New York, NY",4.2,-73.980715,40.758128
"1047",1047,2016-12-12,"Artichoke Basille's Pizza","New York, NY",7.9,-73.9838333,40.7321667
"1048",1048,2016-12-09,"Gaslight Pizzeria","New York, NY",4.9,-74.0058274,40.7407631
"1049",1049,2016-12-08,"Stella's Pizza","New York, NY",6.2,-74.0036724,40.7429592
"1050",1050,2016-12-07,"Filaga Pizzeria Siciliana","New York, NY",7.4,-74.0056736,40.7421603
"1051",1051,2016-12-06,"Abitino's Pizzeria","New York, NY",5.8,-73.9737426,40.7482297
"1052",1052,2016-12-05,"Lombardi's Pizza","New York, NY",6.2,-73.9956856,40.7215781
"1053",1053,2016-12-01,"Famous Original Ray's Pizza","New York, NY",6.2,-73.9742563,40.7842012
"1054",1054,2016-11-30,"Cavallo's Pizzeria","New York, NY",7.4,-75.288236,43.073549
"1055",1055,2016-11-29,"Obicà Mozzarella Bar Pizza e...","New York, NY",6.8,-73.9732377,40.7619958
"1056",1056,2016-11-28,"Florian","New York, NY",7.4,-73.9882716,40.7372942
"1057",1057,2016-11-28,"Lunetta Pizza & Restaurant","New York, NY",8.1,-73.984165,40.73694
"1058",1058,2016-11-18,"99 Cent Best & Fresh Pizza","New York, NY",4.8,-117.0648728,32.6057866
"1059",1059,2016-11-17,"Dirty Water Dough","Boston, MA",7.1,-71.0811111,42.3497997
"1060",1060,2016-11-16,"Ribalta Pizza","New York, NY",3.2,-73.9915722,40.7332889
"1061",1061,2016-11-15,"Pie By The Pound","New York, NY",7.6,-73.9902141,40.7330887
"1062",1062,2016-11-14,"Blaze Pizza","Los Angeles, CA",0,-118.26686,34.04302
"1063",1063,2016-11-11,"Ciro's Pizzeria & Beerhouse","San Diego, CA",7.4,-116.2346756,33.7138808
"1064",1064,2016-11-09,"John's of Bleecker Street","New York, NY",9.3,-74.0034468,40.7316187
"1065",1065,2016-11-08,"Libretto's Pizzeria","New York, NY",3.9,-73.977338,40.7473317
"1066",1066,2016-11-08,"Brick Oven Pizza 33","New York, NY",8.2,-73.978312,40.745077
"1067",1067,2016-11-07,"Manhattan Pizzeria","Manhattan Beach, CA",5.4,-118.4111081,33.8847386
"1068",1068,2016-11-06,"Vinny Vincenz","New York, NY",8.4,-74.0059728,40.7127753
"1069",1069,2016-11-06,"Iggy's Pizzeria","New York, NY",6.2,-73.9843542,40.7292592
"1070",1070,2016-11-06,"East Village Pizza","New York, NY",8,-73.9852046,40.7282079
"1071",1071,2016-11-04,"Bleecker Street Pizza","New York, NY",6.9,-74.0034014,40.732198
"1072",1072,2016-11-03,"Two Boots West Village","New York, NY",6.6,-74.0028038,40.7331487
"1073",1073,2016-11-03,"Rivoli Pizza","New York, NY",7.8,-74.0017026,40.7359906
"1074",1074,2016-11-02,"Rocky's Pizza 14th St","New York, NY",1.4,-74.0031278,40.7398083
"1075",1075,2016-10-31,"Grimaldi's","New York, NY",7.9,-73.99324,40.702583
"1076",1076,2016-10-28,"J's Pizza","New York, NY",6.8,-73.9989661,40.7398568
"1077",1077,2016-10-27,"Pick & Pay Gyro & Pizza","New York, NY",1.2,-94.6400316,39.0767253
"1078",1078,2016-10-26,"Dough Boys","New York, NY",4.8,-73.9792757,40.7438563
"1079",1079,2016-10-25,"Pastafina Pizza","New York, NY",7.9,-73.9817533,40.7404479
"1080",1080,2016-10-24,"Rosa's Pizza","New York, NY",4.8,-73.895632,40.726969
"1081",1081,2016-10-24,"Otto Enoteca Pizzeria","New York, NY",5.4,-73.996223,40.731991
"1082",1082,2016-10-20,"DJ Pizza","New York, NY",6.8,-73.9800133,40.7464032
"1083",1083,2016-10-19,"Famous Famiglia Pizzeria","New York, NY",7.4,-73.9538813,40.7878813
"1084",1084,2016-10-14,"Lazzara's Pizza","New York, NY",9.3,-73.989521,40.754012
"1085",1085,2016-10-12,"Pizza Paradise","New York, NY",7.8,-74.3809008,41.7305765
"1086",1086,2016-10-11,"Frank's Pizza","New York, NY",3.8,-73.979347,40.7360793
"1087",1087,2016-10-10,"Dante's Inferno","Cleveland, OH",0,-81.7065004,41.4997882
"1088",1088,2016-10-10,"Catfish Biff's Pizza & Subs","Columbus, OH",1.2,-83.0093992,39.9951723
"1089",1089,2016-10-05,"PN Wood Fired Pizza","New York, NY",6.8,-73.9877826,40.7447962
"1090",1090,2016-10-04,"Rocco's Pizza","New York, NY",8.2,-74.000708,40.741757
"1091",1091,2016-10-03,"La Pizza & La Pasta at Eatal...","New York, NY",8,-95.9036456,36.0767584
"1092",1092,2016-09-27,"Roberta's","Brooklyn, NY",8,-73.933573,40.7050585
"1093",1093,2016-09-26,"Don Pepi Pizza","New York, NY",3.9,-73.9903767,40.7501985
"1094",1094,2016-09-19,"Tappo","New York, NY",7.3,-73.9915498,40.7433752
"1095",1095,2016-09-16,"Cafe Rustico II","New York, NY",6.2,-73.9820765,40.7471866
"1096",1096,2016-09-15,"Chelsea Pizza 23","New York, NY",5.9,-73.9993382,40.7454027
"1097",1097,2016-09-13,"Bella Napoli","New York, NY",8.5,-73.9944725,40.7554594
"1098",1098,2016-09-12,"Waldy's Wood Fired Pizza & P...","New York, NY",7.8,-73.990539,40.745558
"1099",1099,2016-09-08,"Empire Pizza","New York, NY",7.2,-73.9858924,40.7471051
"1100",1100,2016-09-07,"2 Bros Pizza","New York, NY",5.9,-73.9802897,40.7566892
"1101",1101,2016-09-06,"Broadway Pizza","New York, NY",6.4,-73.9290553,40.6933327
"1102",1102,2016-07-18,"Pi Pizzeria","Nantucket, MA",8.6,-70.0909503,41.2721261
"1103",1103,2016-06-04,"NY Pizza Suprema","New York, NY",8.2,-73.9952266,40.7501505
"1104",1104,2016-03-26,"Home Slice Pizza","Austin, TX",5.8,-97.749518,30.249222
"1105",1105,2016-02-04,"Acquolina","San Francisco, CA",7.8,-122.4090769,37.8006205
"1106",1106,2015-12-22,"Frank Pepe Pizzeria Napoleta...","Chestnut Hill, MA",9.4,-71.176165,42.321761
"1107",1107,2015-09-21,"Imperial Pizza","Buffalo, NY",6.8,-78.8072441,42.8359822
"1108",1108,2015-08-21,"Monte's Restaurant","Lynn, MA",10,-70.9254113,42.4720869
"1109",1109,2014-04-21,"Poopsie's","Pembroke, MA",7.6,-70.7610767,42.106809
"1110",1110,2013-09-05,"Pope's Italian Restaurant","Saratoga Springs, NY",8.2,-73.8005208,43.0795633
"1111",1111,2013-07-15,"Steamboat Wharf Pizza","Nantucket, MA",8,-70.0982081,41.285372
"1112",1112,2013-06-12,"Rosie's Pizzeria","Braintree, MA",9.2,-71.0212464,42.1985642
"1113",1113,2013-06-04,"Pushcart Pizzeria","Boston, MA",5.8,-71.0553969,42.3645242
"1114",1114,2013-04-09,"Bianchi's Pizza","Revere, MA",8.2,-70.9847372,42.4224465
"1115",1115,2013-04-03,"Tony's Place","West Roxbury, MA",8.5,-71.1672399,42.2760103
"1116",1116,2013-04-02,"Cape Cod Cafe","Brockton, MA",8.5,-71.0165436,42.0660726
"1117",1117,2013-03-14,"Lynwood Cafe","Randolph, MA",8,-71.0306641,42.1521674
"1118",1118,2013-03-13,"Town Spa Pizza","Stoughton, MA",9,-71.101076,42.114947
